날짜,단어,뜻
Day01,enthusiastic,a. 열정적인
Day01,precious,"a. 소중한, 귀중한"
Day01,property,"n. 재산, 소유물, 속성"
Day01,enrich,"v. 풍요롭게 하다, 풍부하게 하다"
Day01,shield,"v. 보호하다, 가리다 n. 방패"
Day01,compensation,n. 보상
Day01,complaint,"n. 불만, 불평, 항의"
Day01,insightful,a. 통찰력 있는
Day01,interrupt,"v. 중단하다, 방해하다"
Day01,cuisine,"n. 요리, 요리법"
Day01,superior,"a. 우월한, 더 나은, 우세한"
Day01,diversity,n. 다양성
Day01,chance,"n. 기회, 우연, 가능성"
Day01,fix,"v. 수리하다, 고치다, 정하다, 고정시키다"
Day01,burden,"n. 짐, 부담"
Day01,submit,"v. 제출하다, 항복하다"
Day01,cooperation,"n. 협조, 협력, 협동"
Day01,resolve,"v. 해결하다, 다짐하다, 결의하다"
Day01,prayer,n. 기도
Day01,repay,"v. 상환하다, 갚다, 보답하다"
Day01,satisfied,a. 만족한
Day01,order,"v. 주문하다, 순서를 정하다, 정돈[정리]하다, 명령하다 n. 주문, 순서, 정돈, 정리, 명령"
Day01,incorporate,"v. 포함하다, 통합하다"
Day01,dizzy,a. 어지러운
Day01,translate,"v. 통역하다, 번역하다"
Day01,rejection,n. 거절
Day01,manuscript,n. 원고
Day01,tiresome,a. 지루한
Day01,ridiculous,"a. 말도 안 되는, 터무니없는"
Day01,loan,"n. 대출금, 대출"
Day02,microclimate,"n. 미기후(微氣候: 특히 주변 다른 지역과는 다른, 특정 좁은 지역의 기후)"
Day02,abandon,"v. 버리다, 유기하다, 포기하다"
Day02,trap,"v. 가두다 n. 덫, 함정, 올가미"
Day02,cathedral,n. 대성당
Day02,polite,"a. 정중한, 예의 바른"
Day02,blueprint,"n. 설계도, 청사진"
Day02,scent,"n. 향기, 냄새"
Day02,engagement,"n. 관여, 참여"
Day02,flourish,"v. 번영[번성]하다, 무성하다, 우거지다"
Day02,inject,"v. 주입하다, 더하다, 주사하다"
Day02,maximize,"v. 최대화하다, 극대화하다"
Day02,unassuming,a. 겸손한
Day02,irony,"n. 아이러니, 얄궂음, 반어법"
Day02,dictator,"n. 절대 권력자, 독재자"
Day02,pen,v. 쓰다 n. 펜
Day02,civilization,n. 문명
Day02,loyalty,"n. 충성심, 충성도"
Day02,soaked,a. 흠뻑 젖은
Day02,probe,"v. (면밀히) 조사하다, 살피다 n. (면밀한) 조사, 탐침"
Day02,tactic,"n. 책략, 전략, 전술"
Day02,sophisticated,a. 정교한
Day02,inspire,v. 영감을 주다
Day02,ease,"v. 덜어 주다 n. 쉬움, 편안함"
Day02,assumption,"n. (근거 없는) 가정[추정], 전제"
Day02,ancient,"a. 아주 오래된, 고대의"
Day02,abstract,a. 추상적인
Day02,commute,"n. 통근, 출퇴근 v. 통근하다"
Day02,concentrate,"v. 농축시키다, 집중하다"
Day02,fraction,"n. (아주 작은) 일부, 부분"
Day02,controversial,"a. 논쟁의 여지가 있는, 논쟁의 대상인, 논란이 많은"
Day03,contain,"v. 담고 있다, 포함하다, 함유하다, 억누르다"
Day03,intuition,"n. 직관(력), 직감"
Day03,sweep,"v. 쓸다, 휙 젖히다"
Day03,crisis,n. 위기 ( pl. crises )
Day03,corporate,"a. 기업의, 회사의"
Day03,retake,v. 되찾다
Day03,reputable,a. 평판이 좋은
Day03,immunization,n. 예방 접종
Day03,expert,n. 전문가
Day03,myth,"n. 근거 없는 믿음, 신화"
Day03,ultimate,"a. 최종적인, 궁극적인"
Day03,objective,"a. 객관적인 n. 목표, 목적"
Day03,misleading,"a. 오해의 소지가 있는, 오도하는"
Day03,plausible,a. 그럴듯한
Day03,destructive,a. 파괴적인
Day03,nutrition,n. 영양
Day03,antibiotic,"n. 항생제 a. 항생의, 항생 물질의"
Day03,comprehend,v. 이해하다
Day03,polish,"v. 닦다, 다듬다"
Day03,gatekeeper,"n. 문지기, 수문장"
Day03,disruption,"n. 격변, 혼란, 붕괴"
Day03,anxiety,"n. 불안, 걱정"
Day03,policy,n. 정책
Day03,normal,"a. 정상적인, 당연한"
Day03,revisit,"v. 재검토하다, 다시 방문하다"
Day03,comet,n. 혜성
Day03,compassion,n. 연민
Day03,internal,"a. 내면의, 내적인, 내부의"
Day03,respect,"v. 존중하다, 존경하다 n. 존중, 존경, (측)면, 점"
Day03,accountable,a. 책임 있는
Day04,reveal,"v. 드러내다, 밝히다, 폭로하다"
Day04,prevailing,"a. 지배적인, 우세한"
Day04,utter,"a. 완전한 v. 말을 하다, 발화하다"
Day04,region,"n. 부위, 부분, 지역, 지방"
Day04,reverse,"v. 역전시키다, 뒤집다, 거꾸로 하다 a. 반대의, 거꾸로의"
Day04,fascination,"n. 매료됨, 매력 있는 것"
Day04,convincing,a. 설득력 있는
Day04,dismiss,"v. 일축[묵살]하다, 해고하다, 기각하다"
Day04,introduction,"n. 유입, 소개"
Day04,literature,"n. 문학, (연구) 문헌"
Day04,concerning,prep. ~에 관한
Day04,cognitive,"a. 인지의, 인식의"
Day04,restrict,"v. 제한하다, 국한하다"
Day04,occupation,"n. (특히 즐거움을 위해 시간을 보내는 특정한) 활동, 직업, 점령"
Day04,materialistic,a. 물질주의적인
Day04,interweave,"v. 얽다, 엮다, 섞어 짜다"
Day04,reflection,"n. 성찰, 반사, 반영"
Day04,representation,"n. 표상, 대표성, 표현"
Day04,populate,"v. 살다, 거주하다, (~ 속의 자리를) 차지하다"
Day04,compatible,"a. 양립될 수 있는, 호환 가능한"
Day04,factor,"n. 요인, 요소"
Day04,operation,"n. 작용, 운영, 경영, 작업, 수술"
Day04,alien,"n. 외국인, 이방인 a. 외계의, 외국의, 이질적인"
Day04,signify,"v. 의미하다, 나타내다"
Day04,gratify,v. 만족시키다
Day04,rubbish,"n. 폐품, 쓰레기"
Day04,arouse,"v. 고조시키다, 자극하다"
Day04,industrial,"a. 산업의, 공업의"
Day04,optimal,a. 최적의
Day04,innate,"a. 타고난, 선천적인, 내재적인"
Day05,distinguished,"a. 저명한, 매우 성공한"
Day05,synthetic,"a. 합성의, 인위적인"
Day05,costume,"n. 의상, 복장"
Day05,emphasize,v. 강조하다
Day05,outnumber,v. (~보다) 수가 더 많다
Day05,curiosity,n. 호기심
Day05,appliance,"n. 기기, 가전제품"
Day05,figure,"n. 수치, 숫자, 인물, 형상 v. 생각하다, 계산하다"
Day05,phenomenon,n. 현상 ( pl. phenomena )
Day05,renowned,"a. 유명한, 저명한"
Day05,generate,"v. 발생시키다, 만들어 내다, 일으키다"
Day05,common,"a. 흔한, 일반적인, 공통의"
Day05,ambiguity,"n. 모호함, 모호성"
Day05,chemistry,"n. 화학, 화학적 상태, 화학적 성질"
Day05,symposium,"n. 학술 토론회, 심포지엄"
Day05,entail,v. 수반하다
Day05,adoption,"n. 채택, 입양"
Day05,bound,"a. 얽매인, 반드시 ~할 수밖에 없는"
Day05,thirst,"n. 갈증, 목마름 v. 갈망하다"
Day05,vibrant,"a. 생생한, 활기찬, 선명한"
Day05,suspension,"n. 유예, 보류, 정지, 정학"
Day05,negotiator,n. 협상가
Day05,destination,"n. 목적지, 관광지"
Day05,displace,"v. 대체[대신]하다, (살던 곳에서) 쫓아내다, (평소의 위치에서) 옮겨 놓다"
Day05,portrait,n. 초상화
Day05,expensive,"a. 비용이 많이 드는, 비싼"
Day05,ugly,"a. 흉한, 추한"
Day05,construct,"v. 건설[건축]하다, 구성하다 n. 개념, 생각, 구성체"
Day05,investment,"n. 투자, (시간·노력·열의 등의) 투입"
Day05,precision,"n. 정밀성, 정밀도"
Day06,application,"n. 적용, 응용, 지원, 응용 프로그램"
Day06,rural,"a. 시골의, 농촌의, 지방의"
Day06,wrongdoer,"n. 악행을 저지르는 사람, 범법자"
Day06,embody,"v. 구현하다, 체화하다, 나타내다"
Day06,distinct,"a. 뚜렷한, 명백한, 뚜렷이 구별되는, 고유한"
Day06,determine,"v. 결정하다, 결심하다, 알아내다"
Day06,similar,"a. 유사한, 비슷한"
Day06,observation,"n. 의견, 논평, 관찰, 관측"
Day06,endeavor,n. 노력
Day06,dedicate,"v. 헌신하다, 바치다, 전념하다"
Day06,shelter,"v. 보호하다 n. 보호소, 주거지, 쉼터"
Day06,inner,"a. 내면의, 내부의"
Day06,appropriate,"a. 적절한, 적합한, 적당한 v. 도용하다"
Day06,affordable,"a. (가격이) 알맞은, 적당한, 합리적인"
Day06,seasonal,"a. 계절에 맞는, 계절의"
Day06,obvious,"a. 명백한, 분명한, 당연한"
Day06,official,"a. 공식적인, 공적인"
Day06,produce,"n. 농산물 v. 만들어 내다, 생산하다"
Day06,legacy,n. 유산
Day06,obesity,n. 비만
Day06,boundary,n. 경계(선)
Day06,incidence,"n. 발생[발병]률, 빈도, 발생 정도"
Day06,confront,"v. 마주하다, 직면하다"
Day06,conventional,"a. 전통적인, 기존의, 관습적인, 재래식의"
Day06,aid,"v. 돕다 n. 도움, 원조"
Day06,assistance,"n. 도움, 보조, 지원"
Day06,coincidence,"n. 우연, 우연의 일치"
Day06,monetary,"a. 금전적인, 통화의"
Day06,session,"n. 수업, (특정한 활동을 위한) 시간[기간], 회기"
Day06,escape,"v. 벗어나다, 탈출하다 n. 탈출"
Day07,analysis,n. 분석
Day07,automatic,"a. 자동적인, 무의식적인"
Day07,approval,"n. 승인, 인정"
Day07,significance,"n. 의의, 의미, 중요성"
Day07,quantity,n. 양
Day07,undergo,"v. 거치다, 겪다"
Day07,caution,"n. 조심, 신중 v. 경고하다"
Day07,evaluate,v. 평가하다
Day07,remind,v. 상기시키다
Day07,remedy,"n. 치료(약), 해결책"
Day07,revenge,"n. 복수, 보복"
Day07,confirm,v. 확인하다
Day07,direction,"n. 지휘, 감독, 방향"
Day07,legislator,"n. (의회) 의원, 입법자"
Day07,coherent,"a. 일관된, 조리 있는"
Day07,faculty,"n. 기능, 능력, 교직원, 학부"
Day07,beneficial,"a. 유익한, 이로운"
Day07,supplement,n. 보충(제) v. 보충하다
Day07,secrete,v. 분비하다
Day07,disposition,"n. 성질, 성향, 기질"
Day07,current,"a. 현행의, 현재의 n. 흐름, 해류"
Day07,participation,n. 참여
Day07,cooperative,"a. 협력적인, 협동적인, 협조적인"
Day07,diagnose,v. 진단하다
Day07,condense,"v. 응축하다, 압축하다, 요약하다"
Day07,distinguish,"v. 가르다, 구별하다, 구분하다"
Day07,aesthetic,"a. 미학적인, 미적인 n. 미관"
Day07,array,"n. 배열, 집합체"
Day07,rarely,"ad. 거의 ~하지 않는, 좀처럼 ~하지 않는"
Day07,regularity,n. 규칙성
Day08,deficit,"n. 부족, 결손"
Day08,outscore,v. (~보다) 더 높은 점수를 받다
Day08,seed,n. 씨앗 v. 씨를 뿌리다
Day08,immense,"a. 엄청난, 거대한"
Day08,cluster,"v. 모으다, 무리를 이루다 n. 무리, 집합"
Day08,inform,"v. 알리다, 알려 주다"
Day08,optimum,"a. 최고의, 최적의"
Day08,navigate,"v. 길을 찾다, (길을) 안내하다, 항해하다"
Day08,proper,"a. 적합한, 적절한"
Day08,trigger,"v. 유발하다, 촉발하다, 일으키다"
Day08,stress,v. 강조하다 n. 스트레스
Day08,sufficient,a. 충분한
Day08,digit,"n. 자릿수, 숫자"
Day08,perceptual,"a. 지각의, 인식의"
Day08,passage,"n. 글, 구절, 이동, 통로"
Day08,knowledgeable,"a. 잘 아는, 해박한"
Day08,groundbreaking,"a. 혁신적인, 획기적인"
Day08,prior,"a. 사전의, 이전의"
Day08,border,"n. 국경(선), 경계"
Day08,reason,"v. 추론하다, 판단하다 n. 이유, 이성, 근거"
Day08,deception,"n. 속임수, 기만"
Day08,elicit,v. 이끌어 내다
Day08,adherence,"n. 지속성, 집착, 고수"
Day08,fulfill,"v. 충족시키다, 달성하다"
Day08,multiple,"a. 여러, 다수의, 다양한"
Day08,conspicuous,a. 눈에 (잘) 띄는
Day08,cue,"v. 유도하다, 신호하다 n. 단서, 실마리"
Day08,specific,a. 특정한
Day08,prove,v. 증명하다
Day08,modest,"a. 대단하지 않은, 겸손한"
Day09,shallow,"a. 피상적인, 얕은"
Day09,outcome,n. 결과
Day09,imitate,"v. 모방하다, 흉내 내다"
Day09,grasp,"v. 이해하다, 파악하다, 꽉 잡다"
Day09,barn,n. 헛간
Day09,divine,"a. 신성한, 신의"
Day09,acquire,"v. 획득하다, 얻다, 습득하다"
Day09,condition,"n. 질환, 조건, 상태"
Day09,endure,"v. 견디다, 인내하다"
Day09,restore,"v. 회복하다, 복원하다, 복구하다"
Day09,tragedy,n. 비극
Day09,distract,v. (주의를) 산만하게 하다
Day09,overlap,v. 겹치다
Day09,despair,n. 절망
Day09,output,"n. 결과물, 출력, 생산량"
Day09,presentation,"n. 표출, 표현, 발표, 제출"
Day09,overall,"a. 전반적인, 전체적인"
Day09,reference,"n. 준거, 기준, 참고, 참조, 언급"
Day09,analogy,"n. 유추, 비유, 유사점"
Day09,execution,"n. 수행, 실행"
Day09,depression,n. 우울(증)
Day09,criterion,n. 기준 ( pl. criteria )
Day09,purification,n. 정화
Day09,proximity,"n. 근접(성), 가까움"
Day09,apparent,"a. 눈에 보이는, 겉으로 보이는, 명백한"
Day09,capability,"n. 역량, 능력"
Day09,symptom,n. 증상
Day09,undervalue,"v. 저평가하다, 과소평가하다"
Day09,conflict,"n. 갈등, 분쟁 v. 상충하다"
Day09,refuge,"n. 피난처, 보호 시설, 쉼터"
Day10,alter,"v. 개조하다, 변경하다, 바꾸다"
Day10,access,"v. 접근하다, 이용하다 n. 접근(성)"
Day10,portable,a. 휴대용의
Day10,coordinate,"v. 조정하다, 조율하다"
Day10,inherent,"a. 본질적인, 본래의, 내재된, 선천적인"
Day10,combination,"n. 결합, 조합"
Day10,fashion,"v. 만들다 n. 유행, 방식"
Day10,crude,"a. 조잡한, 대충의, 미가공의"
Day10,row,"n. 줄, 열"
Day10,distribute,"v. 배포하다, 분포시키다, 분배하다, 유통시키다"
Day10,repurpose,"v. 재활용하다, 다른 용도로 사용하다"
Day10,attitude,n. 태도
Day10,discern,"v. 분별하다, 구분하다, 식별하다, 파악하다"
Day10,bygone,"a. 지나간, 과거의"
Day10,questionable,a. 의심스러운
Day10,opinion,n. 의견
Day10,widespread,a. 널리 퍼진
Day10,rational,"a. 합리적인, 이성적인"
Day10,regarding,prep. ~과 관련하여
Day10,contest,"n. 경쟁, 대회 v. 경쟁하다, 다투다"
Day10,democratic,"a. 민주적인, 민주주의의"
Day10,contemporary,"a. 현시대의, 동시대적인 n. 동시대의 사람"
Day10,necessitate,v. 필요로 하다
Day10,preference,"n. 선호, 선호하는 것"
Day10,rare,"a. 드문, 희귀한"
Day10,shrinking,"n. 축소, 감소"
Day10,sustainability,n. 지속 가능성
Day10,unthought,"a. 무의식적인, 예기치 않은"
Day10,secondhand,"a. 중고의, 간접적인"
Day10,prominent,"a. 중요한, 두드러진"
Day11,revolutionize,"v. 혁신을 가져오다, 획기적으로 바꾸다"
Day11,improve,"v. 향상되다, 향상하다, 개선하다"
Day11,disruptive,"a. 방해가 되는, 파괴적인"
Day11,willingness,n. 기꺼이 하려는 의지
Day11,custom,"n. 관행, 관습"
Day11,nonprofit,a. 비영리적인 n. 비영리 단체
Day11,exist,v. 존재하다
Day11,startle,v. 깜짝 놀라게 하다
Day11,impression,"n. 느낌, 인상"
Day11,conciliation,"n. 우호 상태, 화해"
Day11,ascend,"v. 올라가다, 오르다"
Day11,disarmament,"n. 군축, 무장 해제"
Day11,isolation,"n. 격리, 고립"
Day11,demanding,"a. 힘든, 부담이 큰"
Day11,demonstrate,"v. 보여 주다, 입증하다, 시연하다"
Day11,centerpiece,"n. 핵심, 중심 요소"
Day11,paragraph,n. 단락
Day11,individualism,n. 개인주의
Day11,deceive,v. 속이다
Day11,reasoning,"n. 추론, 추리 a. 추리의, 이성이 있는"
Day11,chronic,a. 만성적인
Day11,circumstance,"n. 상황, 환경, 사정"
Day11,mischievous,a. 장난기 많은
Day11,patience,n. 인내(심)
Day11,obligate,"v. 의무를 지우다, 강요하다"
Day11,aroma,"n. 냄새, 향기"
Day11,escalation,"n. 고조, 상승, 격화"
Day11,refuse,"v. 거절하다, 거부하다"
Day11,simplify,v. 단순화하다
Day11,hesitate,"v. 망설이다, 주저하다"
Day12,orbit,n. 궤도
Day12,accurate,a. 정확한
Day12,comfort,"n. 편안함, 안락"
Day12,virtual,"a. 가상의, 실질적인"
Day12,stretch,"v. 뻗다, 퍼지다"
Day12,tedious,"a. 따분한, 지루한"
Day12,molecular,"a. 분자의, 분자에 의한"
Day12,share,"v. 나누다, 공유하다 n. 비율, 몫"
Day12,perspective,"n. 관점, 원근(법)"
Day12,pursue,"v. 추구하다, 추적하다"
Day12,definition,"n. 정의, 선명도"
Day12,liquid,"a. 액체의, 액체 형태의 n. 액체"
Day12,halt,"v. 중단하다, 멈춰 서다 n. 중단, 멈춤"
Day12,corridor,"n. 회랑 지대, 복도"
Day12,wander,"v. 돌아다니다, 거닐다 n. 돌아다니기, 거닐기"
Day12,scold,v. 꾸짖다
Day12,universe,n. 우주
Day12,frozen,"a. 얼어붙은, 냉동된"
Day12,gauge,"v. 측정하다, 판단하다 n. 범위, 치수"
Day12,mammal,"n. 포유류, 포유동물"
Day12,emission,n. 배출(물)
Day12,landfill,"n. 쓰레기 매립지, 쓰레기 매립"
Day12,temperate,"a. 온대의, 온화한, 절제하는"
Day12,imposition,"n. 부과, 부담"
Day12,interference,"n. 간섭, 방해"
Day12,microorganism,n. 미생물
Day12,sarcastic,"a. 비꼬는, 냉소적인"
Day12,keystone,"n. 핵심, 쐐기돌"
Day12,journey,"n. 여행, 여정"
Day12,dependence,n. 의존(도)
Day13,modify,"v. 수정하다, 조정하다"
Day13,activate,"v. 활성화하다, 작동시키다"
Day13,detach,"v. 분리하다, 떼어 내다"
Day13,stack,v. 쌓다 n. (쌓아 올린) 더미
Day13,explore,"v. 탐구하다, 탐색하다, 탐험하다"
Day13,protest,"n. 항의, 이의 제기 v. 항의하다, 이의를 제기하다"
Day13,affirm,"v. 확인하다, 단언하다"
Day13,exhibition,n. 전시(회)
Day13,insult,"n. 모욕(감) v. 모욕하다, 무례한 짓을 하다"
Day13,identification,"n. 식별, 신원 확인"
Day13,negative,"a. 부정적인, 비관적인, 소극적인, 마이너스의"
Day13,rebellion,"n. 반란, 반대, 저항"
Day13,evolutionary,"a. 진화의, 진화적인, 점진적인"
Day13,executive,"n. (기업의) 임원, 이사, 경영진 a. 경영의, 집행의"
Day13,advent,"n. 출현, 도래"
Day13,deficient,"a. 부족한, 결핍된"
Day13,explicit,"a. 명시적인, 뚜렷한"
Day13,tropical,"a. 열대의, 열대 지방의"
Day13,character,"n. 등장인물, 성격"
Day13,guilty,"a. 죄책감을 느끼게 하는, 죄책감이 드는, 유죄의"
Day13,arrival,"n. 도래, 도착, 등장"
Day13,fluid,"a. 유동적인 n. 유체, 액체"
Day13,religion,n. 종교
Day13,suburb,"n. 교외 (지역), 근교"
Day13,domain,"n. 분야, 영역, 도메인"
Day13,challenge,"v. 도전하다, 이의를 제기하다 n. 어려움, 도전, 이의 제기"
Day13,furnishing,"n. 가구 (비치), 비품"
Day13,spacious,"a. 넓은, 널찍한"
Day13,rigid,"a. 경직된, 엄격한"
Day13,universal,"a. 보편적인, 우주의"
Day14,browse,"v. 검색하다, 훑어보다, 뜯어 먹다"
Day14,celebrity,n. 유명인
Day14,hazardous,"a. 위험한, 해로운"
Day14,telescope,n. 망원경
Day14,dose,"n. 복용량, 양"
Day14,extreme,"n. 극단 a. 극단적인, 극도의"
Day14,notion,"n. 생각, 개념"
Day14,impulse,n. 충동
Day14,tiny,a. 매우 작은
Day14,vivid,"a. 생생한, 생기에 찬"
Day14,transparent,"a. 투명한, 명료한"
Day14,infrastructure,n. (사회) 기반 시설
Day14,eliminate,"v. 배제하다, 제거하다, 없애다"
Day14,transfer,"v. 옮기다, 전환하다, 환승하다 n. 전환, 이동, 환승"
Day14,exposure,"n. 노출, 접하게 함"
Day14,personality,"n. 개성, 성격"
Day14,differentiate,"v. 차별화하다, 구분하다"
Day14,commercial,"a. 상업적인, 상업의"
Day14,stare,"v. 응시하다, 빤히 쳐다보다 n. 응시, 빤히 쳐다보기"
Day14,request,v. 요청하다 n. 요청
Day14,principle,"n. 원칙, 원리"
Day14,oppressive,a. 억압적인
Day14,strategy,n. 전략
Day14,sensory,a. 감각의
Day14,comparative,"a. 비교의, 상대적인"
Day14,advanced,"a. 고도의, 고등의, 진보한"
Day14,finalize,"v. 확정하다, 결말을 짓다"
Day14,substance,"n. 본질, 물질, 실체"
Day14,prompt,"v. 자극하다, 촉발하다 a. 신속한, 즉각적인"
Day14,transportation,"n. 배송, 운송, 교통수단"
Day15,hinder,"v. 방해하다, 못 하게 하다"
Day15,correct,"v. 바로잡다, 수정하다 a. 올바른, 정확한"
Day15,confidential,"a. 비밀의, 기밀의, 은밀한"
Day15,qualify,"v. 자격을 얻다, 자격을 주다, 수식하다, 단서를 달다"
Day15,situation,"n. 상황, 환경"
Day15,reliable,"a. 확실한, 신뢰할 수 있는"
Day15,gradual,"a. 점진적인, 단계적인, 서서히 하는"
Day15,odd,"a. 이상한, 홀수의"
Day15,recommend,"v. 권장하다, 권하다, 추천하다"
Day15,reservation,"n. 예약, 보류, (미국에서) 인디언 보호 구역"
Day15,scan,"v. 살피다, 스캔하다"
Day15,renewal,"n. 갱신, 재개, 부활"
Day15,ignore,"v. 무시하다, 모르는 체하다"
Day15,sort,v. 분류하다 n. 종류
Day15,prevention,"n. 예방, 방지"
Day15,childhood,"n. 어린 시절, 유년기"
Day15,meteor,"n. 유성, 별똥별"
Day15,evoke,"v. 불러일으키다, 유발하다"
Day15,suspicion,"n. 의심, 의혹, 혐의"
Day15,firewall,n. 방화벽
Day15,confusion,"n. 혼란, 혼동"
Day15,medication,"n. 약(물), 약물 치료"
Day15,structure,"n. 구조, 구조물, 짜임새 v. 조직하다, 구조화하다"
Day15,vulnerability,n. 취약성
Day15,registration,"n. 등록, 기입"
Day15,instruction,"n. 수업, 교육, 지시, 사용법"
Day15,experiment,n. 실험 v. 실험하다
Day15,dairy,"n. 유제품, 낙농(업) a. 유제품의, 낙농(업)의"
Day15,downright,"ad. 매우, 완전히 a. 완전한, 노골적인"
Day15,spectacle,"n. 구경거리, 광경"
Day16,empathize,"v. 공감하다, 감정 이입을 하다"
Day16,actual,"a. 실제의, 현실의"
Day16,purchase,"n. 구매 v. 구매하다, 사다"
Day16,permanent,"a. 영구적인, 불변의, 상설의"
Day16,recognize,"v. 인식하다, 인지하다"
Day16,straightforward,"a. 있는 그대로의, 솔직한, 명확한"
Day16,blend,"v. 결합하다, 섞다"
Day16,norm,"n. 규범, 표준"
Day16,function,v. 기능하다 n. 기능
Day16,exemplary,"a. 모범적인, 전형적인, 좋은 예가 되는"
Day16,grief,n. 슬픔
Day16,compete,"v. 경쟁하다, 겨루다, 서로 맞서다"
Day16,circulate,"v. 유포되다, 유포하다, 돌다, 순환하다"
Day16,authority,"n. 권위, 권위자, (주로 복수로) 당국"
Day16,tribe,"n. 부족, 종족"
Day16,tailored,a. 맞춤의
Day16,incentive,"n. 인센티브, 유인, 자극 a. 자극적인, 장려하는"
Day16,express,v. 표현하다
Day16,inclined,"a. 경사진, ~하고 싶은, ~의 경향이 있는"
Day16,conservative,"a. 보수적인, 보수주의의"
Day16,emotional,"a. 정서적인, 감정의, 감정적인"
Day16,gravity,"n. 중력, 진지함"
Day16,donate,"v. 기부하다, 기증하다"
Day16,influential,"a. 영향력이 있는, 영향을 미치는"
Day16,strengthen,"v. 강화하다, 튼튼하게 하다"
Day16,discrete,"a. 명확하게 구분되는, 개별의"
Day16,arrange,"v. 배열하다, 준비하다, 정돈하다, 정리하다"
Day16,constant,"a. 일정한, 지속적인 n. 불변의 것, 상수"
Day16,present,"v. 제시하다, 주다 n. 현재, 선물 a. 존재하는, 참석한, 현재의"
Day16,military,"a. 군사의, 무력의 n. 군인들, 군대"
Day17,collective,"a. 집단의, 공동의"
Day17,costly,"a. 소모가 많은, 비용이 많이 드는, 희생이 큰"
Day17,blink,"v. 눈을 깜빡이다 n. 깜빡임, 섬광"
Day17,parallel,"ad. 나란히, 평행하여 a. 나란히 가는, 평행한, 일치하는, 유사한 n. 평행인 것, 유사"
Day17,detail,"n. 세부 사항, 상세"
Day17,complement,"v. 보완하다, 보충하다 n. 보완(물), 보충(량)"
Day17,countless,"a. 셀 수 없이 많은, 무수한"
Day17,concern,"n. 걱정, 우려, 관심"
Day17,lower,"v. 내리다, 낮추다"
Day17,cozy,"a. 쾌적한, 아늑한"
Day17,nearby,"a. 인근의, 가까운 곳의"
Day17,stimulation,"n. 자극, 격려, 고무"
Day17,regret,"v. 후회하다, 유감스럽게 생각하다 n. 후회, 유감"
Day17,fake,"v. 조작하다, 위조하다 a. 가짜의, 위조의 n. 위조품"
Day17,extension,"n. 연장(선), 확장, 확대, 내선 번호"
Day17,potter,"n. 도공, 도예가"
Day17,materiality,"n. 물질성, 구체성"
Day17,arise,"v. 발생하다, 일어나다"
Day17,clothing,"n. 의복, 의류"
Day17,duration,"n. (지속) 시간, 기간"
Day17,sacrifice,"v. 희생하다, 희생시키다 n. 희생, 희생물"
Day17,frown,"v. 얼굴을 찌푸리다, 찡그리다"
Day17,punctuate,"v. 간간이 끼어들다, 구두점을 찍다, 중단시키다"
Day17,haste,"n. 서두름, 급함"
Day17,unstable,"a. 불안정한, 변하기 쉬운"
Day17,ritual,"n. 의식, 관례 a. 의식상의, 의식을 위한"
Day17,keen,"a. 예리한, 날카로운, 열망하는"
Day17,object,"n. 물건, 물체 v. 반대하다"
Day17,peer,"n. 또래, 동료 집단"
Day17,fetch,v. 가지고 오다
Day18,mimic,"v. 모방하다, 흉내 내다"
Day18,sensibility,"n. 감정, 감수성"
Day18,astonish,v. 깜짝 놀라게 하다
Day18,validity,"n. 타당성, 정당성"
Day18,theatrical,"a. 연극의, 극장의 n. 연극"
Day18,entirety,"n. 전체, 전부, 완전"
Day18,variable,"n. 변수 a. 변동이 심한, 가변적인"
Day18,debate,"n. 논쟁, 토론 v. 논쟁하다, 토론하다"
Day18,investigate,"v. 조사하다, 수사하다"
Day18,acquaintance,"n. 지인, 아는 사람, 면식"
Day18,remarkable,"a. 뛰어난, 놀라운, 현저한"
Day18,enthusiast,"n. 애호가, 열성가, 열정적인 팬"
Day18,derive,"v. 유래하다, 끌어내다"
Day18,selection,"n. 선택, 선발, 선택된 것"
Day18,relative,"a. 상대적인, 비교상의 n. 친척, 동족"
Day18,adversity,"n. 역경, 불운"
Day18,blanket,n. 담요
Day18,consensus,"n. 합의, 컨센서스"
Day18,outline,"n. 개요, 윤곽 v. 개요를 서술하다, 윤곽을 그리다"
Day18,instrument,"n. 악기, 도구, 기구"
Day18,resource,"n. 자원, 방편, 지략"
Day18,medium,"n. 매체, 도구, 수단 a. 중간의"
Day18,celebrated,"a. 유명한, 저명한"
Day18,compose,"v. 작곡하다, 구성하다"
Day18,harsh,"a. 가혹한, 냉혹한, 혹독한"
Day18,radical,"a. 극단적인, 근본적인"
Day18,essence,"n. 본질, 정수"
Day18,engender,"v. 낳다, 발생시키다"
Day18,content,"n. 콘텐츠, 내용(물), 목차 a. 만족하는 v. 만족시키다"
Day18,statesman,"n. 정치인, 정치가, 경세가"
Day19,reputation,"n. 평판, 명성"
Day19,channel,v. 보내다 n. (텔레비전·라디오의) 채널
Day19,margin,"n. (판매) 이익, 가장자리, 여백"
Day19,compliance,"n. 준수, 순응"
Day19,attract,"v. 끌어들이다, 불러일으키다"
Day19,element,"n. 요소, 성분, 원소"
Day19,emperor,"n. 황제, 제왕"
Day19,priority,"n. 우선 사항, 우선 과제, 우선순위"
Day19,anchor,"v. 고정하다, (~에) 단단히 기반을 두게 하다 n. 닻, 정신적 지주"
Day19,extract,"v. 끌어내다, 추출하다, 뽑다 n. 추출물, 발췌"
Day19,variation,"n. 변이, 변화, 변형, 차이"
Day19,crucial,"a. 매우 중요한, 결정적인"
Day19,trace,"n. 흔적, 극미량 v. 추적하다"
Day19,presume,"v. 추정하다, 전제로 하다, 간주하다"
Day19,symbolize,"v. 상징하다, 나타내다"
Day19,moisture,"n. 수분, 습기"
Day19,insistence,"n. 고집, 주장"
Day19,merge,"v. 합쳐지다, 합치다, 병합하다"
Day19,amount,"n. 양, 총액 v. (양이) 이르다"
Day19,drainage,"n. 배수, 배수 시설"
Day19,popularity,"n. 유행, 인기, 대중성"
Day19,manifestation,"n. 표현, 구현물, 징후"
Day19,expand,"v. 넓히다, 확장하다"
Day19,private,"a. 비공개의, 전용의, 사적인, 은밀한"
Day19,financial,"a. 재정적인, 금융의"
Day19,suitability,"n. 적합성, 적당, 어울림"
Day19,tempt,"v. 부추기다, 유혹하다"
Day19,glue,"n. 접착제, 풀 v. (접착제로) 붙이다"
Day19,dedicated,"a. 전용의, 헌신적인, 전념하는"
Day19,unique,"a. 고유한, 독특한"
Day20,emergent,"a. 창발적인, 새로 출현한, 신생의, 신흥의"
Day20,stereotype,n. 고정 관념
Day20,migrate,"v. 옮기다, 이주하다"
Day20,inhibit,"v. 억제하다, 방해하다"
Day20,scenic,"a. 경치가 좋은, 경관이 좋은, 아름다운, 극적인"
Day20,assign,"v. 부여하다, 배정하다"
Day20,manipulation,"n. 조작, 조종"
Day20,assemble,v. 조립하다
Day20,resort,"v. 의존하다 n. 리조트, 휴양지, 의지, 호소"
Day20,magnify,"v. 확대하다, 증대시키다"
Day20,screen,"v. 선별하다, 가리다 n. 스크린, 화면"
Day20,analyze,v. 분석하다
Day20,reinforce,v. 강화하다
Day20,contribution,"n. 기여, 공헌"
Day20,refund,n. 환불 v. 환불하다
Day20,commonplace,"a. 평범한, 매우 흔한 n. 흔한 일"
Day20,guardian,"n. 보호자, 수호자, 후견인"
Day20,purpose,"n. 목적, 의도"
Day20,complexity,n. 복잡(성)
Day20,bark,"n. 나무껍질, (개 등이) 짖는 소리 v. (개 등이) 짖다"
Day20,originality,"n. 독창성, 창의성"
Day20,publication,"n. 저작(물), 출판, 공개"
Day20,maximum,"n. 최대, 최대한(도)"
Day20,victim,"n. 피해자, 희생자"
Day20,location,"n. 장소, 위치"
Day20,passion,n. 열정
Day20,retirement,"n. 은퇴, 퇴직"
Day20,intellectual,"a. 지적인, 지능의 n. 지식인"
Day20,typical,"a. 전형적인, 보통의"
Day20,starve,"v. 굶주리다, 굶기다"
Day21,greet,"v. 인사하다, 맞이하다, 환영하다"
Day21,mutual,"a. 상호의, 상호 간의, 공동의"
Day21,deny,"v. 거부하다, 거절하다, 부인하다"
Day21,intelligent,"a. 똑똑한, 지능을 가진, 지능적인"
Day21,statistics,"n. 통계, 통계 자료"
Day21,downplay,"v. 대단치 않게 생각하다, 경시하다, 축소하다"
Day21,coded,"a. 규정된, 암호화된"
Day21,post,"v. 게시하다, 발송하다 n. 기둥, 직책, 일자리"
Day21,optimistic,"a. 낙관적인, 낙천적인"
Day21,stuffed,"a. 속을 채운, 박제된"
Day21,document,"n. 문서, 서류 v. 기록하다"
Day21,annual,"a. 연간의, 연례의, 매년의 n. 연감, 일년생 생물"
Day21,grab,"v. 붙잡다, 먹다, 마시다, 움켜잡다, (잠깐) ~하다"
Day21,constitute,"v. 구성하다, (~이) 되다"
Day21,praise,"n. 칭찬, 칭송 v. 칭찬하다, 칭송하다"
Day21,strive,"v. 노력하다, 분투하다"
Day21,institution,"n. 시설, 기관, 제도"
Day21,formulate,"v. 만들어 내다, 표현하다"
Day21,announce,"v. 표명하다, 발표하다"
Day21,maintain,v. 유지하다
Day21,waste,"n. 낭비, 쓰레기, 폐기물 v. 낭비하다"
Day21,thrive,"v. 번성하다, 성공하다"
Day21,envelope,n. 봉투
Day21,imply,"v. 암시하다, 내포하다"
Day21,frustration,"n. 좌절(감), 불만"
Day21,coordination,"n. 조화, 조정, 조직"
Day21,chase,"v. 쫓다, 추적하다 n. 추적"
Day21,accelerate,"v. 가속화되다, 가속화하다"
Day21,restriction,"n. 제한, 통제, 규제"
Day21,vehicle,"n. 수단, 차량"
Day22,interact,v. 상호 작용을 하다
Day22,unfold,"v. 전개되다, 펼쳐지다"
Day22,indication,"n. 사례, 암시, 표시"
Day22,predict,"v. 예측하다, 예보하다"
Day22,reassure,v. 안심시키다
Day22,examine,"v. 조사하다, 검토하다"
Day22,breakthrough,"n. 비약적인 발전, 돌파구"
Day22,external,"a. 외적인, 외부의"
Day22,successive,"a. 연속된, 잇따른"
Day22,intuitive,a. 직관적인
Day22,judgement,n. 판단
Day22,sum,"n. 합, 총계 v. 합하다"
Day22,immediate,"a. 즉각적인, 당장의"
Day22,rationale,"n. 근거, 이유"
Day22,invisible,"a. 보이지 않는, 감추어진"
Day22,consciousness,n. 의식
Day22,reach,"v. 도달하다, 연락하다"
Day22,vital,"a. 필수적인, 매우 중요한, 생명 유지에 필수적인"
Day22,separable,a. 분리할 수 있는
Day22,instinct,n. 본능
Day22,verbal,a. 언어적인
Day22,evolve,"v. 진화하다, 진화시키다"
Day22,algorithm,"n. 알고리즘, 일련의 산법"
Day22,posture,n. 자세
Day22,occur,"v. 일어나다, 발생하다"
Day22,acceptance,"n. 수용, 인정"
Day22,equivalent,a. 상당하는 n. 상당[대응]하는 것
Day22,approximate,"v. 어림잡다, 근사치를 계산하다 a. 근사치인, 거의 정확한"
Day22,discard,"v. 버리다, 폐기하다"
Day22,appreciate,"v. 제대로 인식하다, 감사하다, 감상하다"
Day23,extensive,"a. 광범위한, 광대한"
Day23,elaborate,"a. 정교한, 공들인 v. 상술하다"
Day23,artificial,"a. 인공의, 인공적인"
Day23,upward,"a. 상향의, 상승의"
Day23,enhance,"v. 증대하다, 향상하다"
Day23,attribute,"n. 속성, 자질 v. ~에 돌리다"
Day23,sensation,"n. 자극, 감각"
Day23,implant,v. 이식하다
Day23,constraint,"n. 제약, 제한, 구속"
Day23,recollection,"n. 기억, 회상"
Day23,descriptive,"a. 기술적인, 묘사하는, 서술하는"
Day23,evidence,n. 증거
Day23,self-esteem,"n. 자존감, 자부심"
Day23,decline,"n. 쇠퇴 v. 감소하다, 기울다"
Day23,probability,n. 확률
Day23,privileged,"a. 특권의, 특별히 선택된"
Day23,dialogue,n. 대화
Day23,mass,"n. (일반) 대중, 대부분, 질량"
Day23,primer,"n. 기본 지식, 입문서"
Day23,agricultural,a. 농업의
Day23,informative,"a. 유익한, 정보를 주는"
Day23,profound,"a. 깊은, 심오한"
Day23,prestige,"n. 명망, 명성"
Day23,consistently,"ad. 일관되게, 지속적으로"
Day23,subject,"n. (실험) 대상자, 주제, 교과목 a. 종속하는 v. 지배하에 두다, 종속시키다"
Day23,repressive,"a. 억압하는, 억압적인"
Day23,literate,"a. 문해력의, 지식이 있는"
Day23,metaphorical,"a. 은유적인, 비유적인"
Day23,obtain,"v. 존재하다, (상을) 받다, 얻다"
Day23,complicated,a. 복잡한
Day24,productive,"a. 생산의, 생산적인"
Day24,empathy,n. 공감
Day24,assessment,n. 평가
Day24,enemy,"n. 적, 원수"
Day24,process,"n. 과정 v. 처리하다, 가공하다"
Day24,budget,n. 예산 v. 예산을 세우다
Day24,inevitably,ad. 필연적으로
Day24,ethical,"a. 윤리적인, 도덕상의"
Day24,prospect,"n. 가능성, 전망"
Day24,detached,"a. 분리된, 떨어져 있는, 치우치지 않는"
Day24,captive,"a. (붙잡혀서) 사육되는, 사로잡힌, 포로의 n. 포로"
Day24,welfare,n. 복지
Day24,integrity,n. 진실성
Day24,attempt,n. 시도 v. 시도하다
Day24,alternative,n. 대안 a. 대안적인
Day24,dynamic,"n. 역학 관계, 역학 a. 역동적인, 동적인"
Day24,candidate,n. 후보
Day24,contemplative,"a. 관조적인, 사색적인"
Day24,legitimate,"v. 정당화하다 a. 타당한, 정당한"
Day24,intention,"n. 의도, 목적"
Day24,presence,n. 존재(감)
Day24,progress,"n. 진보, 진행 상황 v. 발전하다, 전진하다"
Day24,horizon,"n. 시야, 앞길, 지평"
Day24,craft,"v. (공들여) 만들다 n. 공예, 솜씨"
Day24,inability,"n. 하지 못하는 것, 무능"
Day24,measure,v. 측정하다 n. 조치
Day24,geology,n. 지질(학)
Day24,drastic,"a. 급진적인, 급격한, 과감한"
Day24,income,"n. 소득, 수입"
Day24,abundant,"a. 풍부한, 많은"
Day25,pursuit,"n. 추구, 추적"
Day25,float,"v. 떠다니다, 뜨다, 띄우다"
Day25,drip,n. 물방울 v. (똑똑) 떨어지다
Day25,inhumanely,ad. 비인간적으로
Day25,dialect,"n. 방언, 지방어 a. 방언의"
Day25,accomplish,"v. 달성하다, 완수하다"
Day25,pattern,"n. 패턴, 무늬, 견본"
Day25,promotion,"n. 증진, 승진, 홍보"
Day25,fatigue,"n. 피로, 피곤"
Day25,auditory,a. 청각적인
Day25,regulate,"v. 규제하다, 조절하다"
Day25,stable,a. 안정적인
Day25,maturity,"n. 성숙도, 성숙"
Day25,so-called,"a. 소위, 이른바"
Day25,attainment,"n. 도달, 달성"
Day25,define,v. 정의하다
Day25,formative,"a. 형성하는, 형태를 구성하는"
Day25,mainstream,"a. 주류의 n. 주류, 본류"
Day25,considerable,"a. 상당한, 중요한"
Day25,exhibit,"v. 보이다, 전시하다 n. 공연, 전시"
Day25,discovery,"n. 발견, 발각"
Day25,pose,"v. 제기하다 n. 자세, 포즈"
Day25,ecological,"a. 생태계의, 생태 친화적인"
Day25,descendent,"a. 후대의, 전해 내려오는, 낙하하는"
Day25,urgent,"a. 시급한, 긴급한"
Day25,adequate,"a. 적절한, 충분한"
Day25,highlight,"v. 부각시키다, 강조하다 n. 가장 밝은 부분, 하이라이트"
Day25,emerging,"a. 새로 등장하는, 새로 나타나는"
Day25,intervention,"n. 개입, 중재"
Day25,discipline,"n. (학문의) 분야, 과목, 훈육 v. 훈육하다"
Day26,interaction,n. 상호 작용
Day26,variant,"n. 변형, 변종 a. 다른, 상이한"
Day26,distinctive,"a. 독특한, 구별이 분명한"
Day26,trunk,"n. 줄기, 몸통"
Day26,collaborate,"v. 협업하다, 협력하다"
Day26,acknowledge,"v. 인정하다, 승인하다"
Day26,intensity,"n. 강렬함, 강도"
Day26,instance,"n. 사례, 경우"
Day26,ongoing,a. 지속적인
Day26,voice,"n. 발언권, 목소리 v. 소리를 내다"
Day26,barrier,"n. 장벽, 울타리"
Day26,logically,ad. 논리적으로
Day26,coverage,"n. 중계, 보도, 범위"
Day26,substantial,"a. 상당한, 꽤 많은"
Day26,invasion,"n. 침공, 침입"
Day26,spontaneously,"ad. 자발적으로, 자생적으로"
Day26,inhabit,"v. 거주하다, 서식하다, 살다"
Day26,wholesaler,"n. 도매상, 도매업자"
Day26,remote,"a. 멀리 있는, 외진, 원격의"
Day26,efficiency,"n. 효율(성), 능률"
Day26,adaptive,"a. 적응성이 있는, 순응하는"
Day26,initial,"a. 초기의, 처음의"
Day26,irrational,"a. 비이성적인, 불합리한"
Day26,upright,"a. 똑바로 선, 수직의"
Day26,unwritten,"a. 암묵적인, 불문율의"
Day26,retailer,"n. 소매상, 소매업자"
Day26,contact,"v. 접촉하다, 연락하다 n. 소통, 접촉"
Day26,exclusive,"a. 전용의, 독점적인"
Day26,generation,"n. 세대, 자손"
Day26,duplicate,"v. 모방하다, 복사하다"
Day27,induce,"v. 유도하다, 권유하다, 귀납적으로 추론하다"
Day27,repetition,"n. 반복, 되풀이"
Day27,interpretation,"n. 해석, 설명"
Day27,implication,"n. 영향, 시사점, 함축"
Day27,merrily,"ad. 즐겁게, 유쾌하게"
Day27,classification,"n. 분류, 분류법"
Day27,elect,"v. 결정하다, 선출하다"
Day27,rebel,"v. 반발하다, 반항하다 n. 반역자, 모반자"
Day27,communal,"a. 공동체의, 공동의"
Day27,hypothetical,"a. 가상의, 가설적인"
Day27,issue,"n. 문제 v. 지급하다, 발행하다"
Day27,source,"n. 출처, 원천"
Day27,reply,"v. 대답하다, 응답하다 n. 답변, 응답"
Day27,plain,"ad. 완전히, 순전히 a. 평범한, 간단한, 명백한"
Day27,motor,"a. 운동의, 원동(력)의"
Day27,promote,"v. 촉진하다, 증진하다, 홍보하다"
Day27,durable,"a. 오래 지속되는, 유지되는, 튼튼한"
Day27,biodiversity,"n. 생물 다양성, 종 다양성"
Day27,firm,"n. 기업, 회사 a. 단호한, 단단한"
Day27,vast,"a. 광대한, 막대한"
Day27,pervasive,"a. 만연한, 널리 퍼지는"
Day27,urban,"a. 도시의, 도회지에 있는"
Day27,reality,"n. 현실, 진실"
Day27,inequlity,"n. 불평등, 불공평"
Day27,designation,"n. (특정 목적을 위한) 직무, 직위, 명칭"
Day27,bullying,"n. 괴롭힘, 따돌림"
Day27,reign,"n. 치세, 통치 v. 통치하다, 지배하다"
Day27,neutral,"a. 중립적인, 애매한"
Day27,dwelling,"n. 집, 주거지"
Day27,deviant,"a. 규범에서 벗어난, 일탈적인, 정상이 아닌"
Day28,likelihood,"n. 가능성, 있음 직한 일"
Day28,tissue,"n. (세포들로 이뤄진) 조직, 화장지"
Day28,habitat,"n. 서식지, 거주지"
Day28,relieve,"v. 안도하게 하다, 안도하다, 덜다"
Day28,transaction,"n. 거래, 처리"
Day28,workforce,"n. 노동 시장, 노동력"
Day28,occupy,"v. 차지하다, 점유하다, 점령하다"
Day28,wage,"n. 임금, 급료"
Day28,worldview,n. 세계관
Day28,immerse,"v. 잠수하다, (액체 속에) 잠그다, 몰입하게 하다"
Day28,subjective,"a. 주관적인, 주관의"
Day28,inevitable,"a. 피할 수 없는, 부득이한"
Day28,political,"a. 정치적인, 정치에 관한"
Day28,erode,"v. 저하시키다, 약화시키다, 침식시키다"
Day28,volume,"n. 양, 부피, 체적"
Day28,conversation,"n. 대화, 대담"
Day28,disposal,"n. 처리, 처분"
Day28,division,"n. 구분, 부문, 분할"
Day28,ecosystem,n. 생태계
Day28,enormous,"a. 매우 큰, 엄청난"
Day28,fever,"n. 열, 열기"
Day28,decode,"v. 해석하다, 해독하다"
Day28,compound,"n. 화합물, 혼합물"
Day28,correlate,v. ~과 상관관계가 있다
Day28,utilize,"v. 활용하다, 소용되게 하다"
Day28,atmospheric,"a. 대기의, 분위기 있는"
Day28,severe,"a. 심각한, 혹독한"
Day28,opportunity,n. 기회
Day28,temporal,"a. 시간의, 일시적인, 잠시의"
Day28,procedural,"a. 절차의, 절차상의"
Day29,overwhelming,"a. 압도적인, 저항할 수 없는"
Day29,rearing,n. 양육
Day29,rival,"a. 경쟁적인, 경쟁자의 n. 경쟁자 v. 경쟁하다"
Day29,variability,"n. 변동성, 변하기 쉬움"
Day29,liberation,"n. 해방, 석방"
Day29,reaction,"n. 반응, 반작용"
Day29,patent,"v. 특허를 얻다 n. 특허권 a. 특허의, 특허권을 가진"
Day29,reproductive,"a. 번식의, 생식의"
Day29,still,"a. 가만히 있는, 정지한 ad. 여전히"
Day29,yield,"n. 수확량, 수익 v. 생기게 하다, 산출하다"
Day29,resemble,"v. ~과 닮다, ~과 비슷한 점이 있다"
Day29,consumption,"n. 소비, 소모"
Day29,overcome,"v. 극복하다, 이겨 내다"
Day29,intrigue,"v. 흥미를 일으키다, 흥미를 끌다"
Day29,longevity,"n. 수명, 장수"
Day29,provoke,"v. 유발하다, 일으키다"
Day29,lifespan,n. 수명
Day29,ridicule,"n. 조롱, 비웃음 v. 비웃다"
Day29,artifact,"n. 작품, 인공물, 가공물"
Day29,consensual,"a. 합의적인, 합의로 이루어진"
Day29,primitive,"a. 원초적인, 원시적인"
Day29,deliberate,"a. 의도적인, 계획적인"
Day29,foundation,"n. 기반, 기초, 재단"
Day29,arrogance,"n. 오만(함), 건방짐"
Day29,outgroup,n. 외집단
Day29,lack,"v. ~이 없다, 부족하다 n. 부족, 결핍"
Day29,mode,"n. 방식, 양식"
Day29,resilience,"n. 회복 탄력성, 회복력, 탄력"
Day29,sensitivity,"n. 민감도, (세심한) 감수성"
Day29,scarce,"a. 희소한, 부족한"
Day30,territory,"n. 지역, 영역, 영지"
Day30,audience,"n. 청중, 관객"
Day30,illegally,ad. 불법적으로
Day30,spectator,"n. 관람자, 관중, 구경꾼"
Day30,deplete,"v. 고갈시키다, 빼앗다"
Day30,static,"a. 정적인, 멈춰 있는, 고정된"
Day30,opposite,"a. 반대의, 맞은편의"
Day30,dominant,"a. 지배적인, 우세한, 유력한"
Day30,implement,"v. 시행하다, 이행하다 n. 도구, 기구"
Day30,continent,"n. 육지, 대륙"
Day30,condemn,v. 비난하다
Day30,jury,"n. 배심원(단), 심사 위원"
Day30,proportion,"n. 부분, 비율"
Day30,expendable,"a. 쉽게 희생될 수 있는, 소모성의"
Day30,attractive,"a. 매력적인, 사람의 마음을 끄는"
Day30,hospitality,"n. 환대, 후한 대접"
Day30,witness,"n. 증인, 목격자 v. 목격하다, 증언하다"
Day30,recover,"v. 회복하다, 되찾다"
Day30,tray,"n. 쟁반, 상자"
Day30,comparison,"n. 비교, 비유"
Day30,tariff,n. 관세
Day30,prosperity,"n. 번영, 호황"
Day30,exert,v. 발휘하다
Day30,state,"n. 상태, 국가 v. 주장하다, 진술하다"
Day30,retrieve,"v. 찾아내다, 되찾다"
Day30,departure,"n. 벗어남, 출발"
Day30,fluctuation,"n. 변동, 동요"
Day30,capable,"a. 할 수 있는, 유능한"
Day30,obey,"v. 따르다, 복종하다"
Day30,compromise,"v. 훼손하다, 위태롭게 하다, 타협하다 n. 타협, 절충"
Day31,grant,"v. 부여하다, 수여하다, 주다"
Day31,obscure,"v. 가리다, 어둡게 하다 a. 모호한, 이해하기 힘든"
Day31,trendy,a. 유행하는
Day31,discrimination,"n. 차별, 구별"
Day31,entrepreneur,"n. 기업가, 사업가"
Day31,genetic,"a. 유전적인, 기원의"
Day31,currency,"n. 통화, 화폐"
Day31,absorb,"v. 흡수하다, 몰입시키다"
Day31,impose,"v. 부과하다, 강요하다"
Day31,synergy,"n. 시너지, 상승 효과"
Day31,censorship,n. 검열
Day31,layout,"n. 배치, 구조, 설계"
Day31,replicate,"v. 복제하다, 반복하다 n. 복제된 것"
Day31,flexible,"a. 유연한, 융통성이 있는"
Day31,adopt,"v. 채택하다, 받아들이다"
Day31,appreciation,"n. 이해, 감사, 감상"
Day31,accumulate,"v. 축적하다, 모으다"
Day31,undermine,"v. 훼손하다, 약화시키다"
Day31,core,"a. 핵심적인 n. 코어 근육, 핵심, 정수"
Day31,untapped,"a. 미개척의, 개발되지 않은"
Day31,draft,"v. 설계하다, ~의 기초를 만들다 n. 프로 신인 선수 선발, 밑그림"
Day31,appraisal,"n. 평가, 감정"
Day31,spatial,"a. 공간적인, 공간의"
Day31,intact,"a. 온전한, 손상되지 않은"
Day31,invoke,"v. 환기하다, 불러일으키다"
Day31,autonomy,"n. 자율성, 자치권"
Day31,navigation,"n. 항해, 운항"
Day31,consumer,n. 소비자
Day31,method,"n. 방법, 방식"
Day31,contemplate,"v. 고려하다, 심사숙고하다"
Day32,infinite,"a. 무한한, 끝없는 n. 무한대, 무한한 공간"
Day32,term,"n. 용어, 기간 v. 부르다, 이름 짓다"
Day32,review,"v. 검토하다, 회고하다 n. 재검토, 재조사"
Day32,apron,n. 앞치마 v. 앞치마를 두르다
Day32,sponsor,"v. 주관하다, 후원하다 n. 후원자, 보증인"
Day32,article,"n. 논문, 기사"
Day32,nocturnal,"a. 야간의, 야행성의"
Day32,sprout,"v. 나게 하다, 발아하다 n. 새싹, 발아"
Day32,precise,"a. 정확한, 정밀한"
Day32,charity,"n. 자선 단체, 자애, 자비"
Day32,outstanding,"a. 뛰어난, 중요한, 눈에 띄는"
Day32,cause,"n. 대의, 원인, 이유 v. 초래하다, 일으키다"
Day32,degraded,"a. 훼손된, 오염된"
Day32,relevance,"n. 관련성, 연관성, 타당성"
Day32,tremble,"v. 떨리다, 떨다, 전율하다 n. 떨림, 전율"
Day32,seek,"v. 추구하다, 찾다 n. 탐색"
Day32,leash,"n. 목줄, 사슬 v. 속박하다"
Day32,urge,n. 충동 v. 촉구하다
Day32,represent,"v. 표현하다, 나타내다"
Day32,tale,"n. 이야기, 설화"
Day32,respectively,ad. 각각
Day32,distortion,n. 왜곡
Day32,persuade,v. 설득하다
Day32,transmit,"v. 전달하다, 보내다, 발송하다"
Day32,hierarchy,"n. 계층, 계급"
Day32,landmark,"n. 주요 지형지물, 육상 지표, 획기적인 사건"
Day32,value,"n. 가치, 값 v. 평가하다, 가치를 매기다"
Day32,tension,"n. 긴장, 팽팽함"
Day32,illusion,"n. 착각, 환영"
Day32,grain,"n. 한 알, 낟알, 곡류 v. 낟알로 만들다"
Day33,generalize,"v. 일반화하다, 개괄적으로 말하다"
Day33,labor,"n. 노동, 근로"
Day33,fragile,"a. 취약한, 깨지기 쉬운"
Day33,status,"n. 지위, 상태"
Day33,continuum,n. 연속체
Day33,devote,"v. 쏟다, 바치다"
Day33,virtue,"n. 미덕, 선행"
Day33,shift,"v. 전환하다, 옮겨 가다 n. 전환, 변화"
Day33,opponent,n. 상대방 a. 반대하는
Day33,subsequent,"a. 그다음의, 차후의"
Day33,graduate,n. 졸업생 v. 졸업하다 a. 졸업생의
Day33,impaired,"a. 손상된, 망가진, 고장 난"
Day33,parental,"a. 양육의, 부모의"
Day33,evident,"a. 분명한, 명확한"
Day33,embrace,"v. 받아들이다, 포용하다"
Day33,deduce,"v. 도출하다, 추론하다, 연역하다"
Day33,dilemma,"n. 딜레마, 궁지"
Day33,ethnic,"a. 민족적인, 민족 특유의"
Day33,threat,"n. 위협, 협박"
Day33,overtly,"ad. 명백하게, 공공연하게"
Day33,dimension,"n. 차원, 치수"
Day33,enterprise,"n. 탐구 활동, 사업"
Day33,superficial,"a. 표면적인, 피상적인"
Day33,subtle,"a. 미묘한, 포착하기 힘든"
Day33,enrolment,"n. (시험의) 등록자 수, 등록"
Day33,ignorant,"a. 의식하지 못하는, 무지의"
Day33,default,"n. 기본 설정, 불이행"
Day33,maintenance,"n. 유지 관리, 보수"
Day33,ingest,"v. 섭취하다, 수집하다"
Day33,transport,"v. 데려가다, 운반하다"
Day34,quarter,"n. 4분의 1, 분기"
Day34,infect,"v. 영향을 미치다, 전파하다, 감염시키다"
Day34,eminent,a. 저명한
Day34,exponential,"a. 기하급수적인, 급격한"
Day34,heartfelt,a. 진심 어린
Day34,viral,"a. 바이럴의, (인터넷 등에서) 입소문이 퍼지는, 바이러스(성)의"
Day34,degree,"n. 학위, 정도, 등급"
Day34,nuisance,"n. 남에게 폐가 되는 사람, 성가신 일"
Day34,venue,n. (행사) 장소
Day34,predominant,"a. 지배적인, 주된"
Day34,legendary,"a. 전설적인, 유명한"
Day34,extraordinary,a. 비범한
Day34,discretion,"n. 신중함, 재량(권)"
Day34,sheer,"a. 엄청난, 순전한, 완전한"
Day34,bachelor,"n. 학사, 미혼남"
Day34,posit,"v. 상정하다, (~을 사실로) 가정하다"
Day34,facility,n. 시설
Day34,exceed,"v. 초과하다, 초월하다"
Day34,associate,v. 연관 짓다 n. 동료
Day34,doctorate,n. 박사 학위
Day34,offence,"n. 불쾌함, 모욕, 화나게 하는 행위"
Day34,exploit,"v. 이용하다, 활용하다, 착취하다"
Day34,minority,"n. 소수, 소수 집단, 미성년"
Day34,approach,"v. 다가오다, 다가가다 n. 접근 방식"
Day34,scrap,"n. (특히 종이·옷감 등의) 조각, 폐품, 폐물"
Day34,gratitude,"n. 감사, 고마움"
Day34,immigrant,n. (다른 나라로 온) 이민자
Day34,endorsement,"n. 추천, 보증"
Day34,gaze,"n. 시선, 눈길"
Day34,relentless,"a. 끈질긴, 가차 없는"
Day35,await,v. 기다리다
Day35,predecessor,"n. 이전 것, 전신"
Day35,catalogue,v. 목록화하다 n. 목록
Day35,summarize,v. 요약하다
Day35,credibility,"n. 신뢰도, 신뢰성"
Day35,competence,n. 능력
Day35,reciprocity,n. 상호성
Day35,rate,"v. 평가하다, 여기다 n. 속도"
Day35,freshwater,n. 민물 a. 민물의
Day35,pertinent,a. 관련 있는
Day35,terminology,"n. (집합적으로) 용어(들), 전문 용어"
Day35,rotate,v. 회전하다
Day35,flicker,n. 깜빡거림 v. 깜빡이다
Day35,integral,a. 필수적인
Day35,peculiar,"a. 특유의, 독특한"
Day35,sleepover,"n. 자고 가기, 함께 자며 놀기"
Day35,draw,"v. 끌어당기다, 그리다 n. 추첨, 제비뽑기, 무승부"
Day35,encounter,"n. (우연한) 만남, 조우 v. 마주하다, 맞닥뜨리다"
Day35,stake,"n. 지분, 이해관계, 관련, 말뚝, 내기 v. (돈·생명 등을) 걸다, 말뚝을 박아 표시하다"
Day35,overnight,"a. 하룻밤의, 야간의"
Day35,archive,"n. 기록물, 기록 보관소 v. (문서 등을) 보관하다"
Day35,scholarship,"n. 장학 기금, 장학금"
Day35,robust,"a. 탄탄한, 견고한"
Day35,breed,"v. 번식하다, 낳다, 기르다"
Day35,salient,"a. 현저한, 두드러진"
Day35,distance,v. 거리를 두다 n. 거리
Day35,flavor,"v. 맛을 내다 n. 풍미, 맛"
Day35,multilayered,a. 다층적인
Day35,narrative,n. 이야기
Day35,colony,"n. 집단, 군집, 식민지"
Day36,transition,n. 전환
Day36,potential,a. 잠재적인 n. 잠재력
Day36,ensemble,"n. 앙상블(합주단), 총체, 전체적인 효과"
Day36,possibility,n. 가능성
Day36,starchy,a. 전분이 많은
Day36,toxin,n. 독소
Day36,tap,"v. (가볍게) 톡톡 두드리다 n. (가볍게) 두드리기, 수도꼭지"
Day36,circuit,"n. 회로, 순환"
Day36,sequence,"n. 순서, 서열"
Day36,hardwire,"v. (행동 양식을) 고정화시키다, 굳어 버리게 하다"
Day36,perpetual,a. 끊임없는
Day36,potent,a. 강력한
Day36,argument,"n. 논증, 주장"
Day36,enzyme,n. 효소
Day36,thoughtful,"a. 사려 깊은, 친절한"
Day36,sip,n. 한 모금 v. 한 모금 마시다
Day36,component,n. 구성 요소
Day36,assert,"v. 주장하다, 행사하다, 발휘하다"
Day36,criticism,n. 비판
Day36,spoilage,n. 부패
Day36,empirical,"a. 경험적인, 실증적인"
Day36,transformation,"n. 변화, 전환"
Day36,contagious,a. 전염성이 강한
Day36,disprove,"v. 반박하다, ~의 반증을 들다"
Day36,tremendous,a. 엄청난
Day36,whisper,v. 속삭이다
Day36,ancestor,n. 조상
Day36,evade,"v. 피하다, 모면하다"
Day36,unprecedented,a. 전례 없는
Day36,sparkle,v. 반짝이다
Day37,integration,n. 통합
Day37,grin,n. 활짝 웃음 v. 활짝 웃다
Day37,grip,v. 꽉 쥐다 n. 그립(미끄럼 방지 처리가 된 손잡이)
Day37,resume,v. 재개하다 n. 이력서
Day37,standardize,v. 표준화하다
Day37,specify,v. 명시하다
Day37,disclose,"v. 밝히다, 드러내다"
Day37,conduct,"v. 실시하다, 진행하다 n. 행동"
Day37,comply,"v. 순응하다, 따르다"
Day37,wholeheartedly,"ad. 전적으로, 진심으로"
Day37,given,prep. ~을 고려하여
Day37,sphericity,"n. 구형성, 구형도"
Day37,realm,"n. 범위, 영역"
Day37,howl,"v. 소리를 지르다, 울부짖다"
Day37,facilitate,"v. 가능하게 하다, 용이하게 하다, 촉진하다"
Day37,pound,"v. 두근거리다, (세게) 두드리다"
Day37,nurture,"v. 육성하다, 돌보다, 양육하다"
Day37,illiteracy,n. 문맹
Day37,spiritual,a. 정신적인
Day37,context,"n. (어떤 일의) 맥락, 상황"
Day37,fade,"v. 사라지다, 희미해지다"
Day37,critical,"a. 중요한, 비판적인"
Day37,constructivist,a. 구성주의적인 n. 구성주의자
Day37,overestimate,v. 과대평가하다
Day37,availability,"n. (참석, 이용 등의) 가능성"
Day37,estimate,"v. 추정하다 n. 추정(치), 견적서"
Day37,pivotal,"a. 중추적인, 중심이 되는"
Day37,stationary,"a. 고정된, 멈추어 있는, 정지된"
Day37,district,"n. 지구, 구역"
Day37,vibration,"n. 진동, 떨림"
Day38,enclosure,"n. 울타리(를 친 곳), 구내, 우리"
Day38,respondent,n. 응답자
Day38,humility,n. 겸손
Day38,justification,"n. 정당화, 타당한[정당한] 이유"
Day38,damp,"a. 축축한 v. 적시다, 축축하게 하다"
Day38,allegedly,"ad. 주장에 의하면, 전해지는 바에 의하면"
Day38,pebble,"n. 자갈, 조약돌"
Day38,marginal,"a. 중요하지 않은, 한계의"
Day38,attentiveness,"n. 세심함, 주의 깊음"
Day38,adjust,"v. 조정하다, 적응하다"
Day38,entity,n. 독립체
Day38,temptation,n. 유혹
Day38,duty,"n. 의무, 업무"
Day38,claim,v. 주장하다 n. 주장
Day38,layer,"n. 층, 겹"
Day38,negligible,a. 무시해도 될 정도의
Day38,endangered,a. 멸종 위기의
Day38,vegetation,"n. 식물, 식생, 초목"
Day38,proficiency,"n. 능력, 숙달(도)"
Day38,license,n. 면허[자격](증)
Day38,tolerate,"v. 견디다, 용인하다"
Day38,transatlantic,a. 대서양 횡단의
Day38,optimize,"v. 최적화하다, 최대한 잘하다"
Day38,barely,"ad. 겨우, 가까스로, 거의 ~ 아니게"
Day38,addition,"n. 추가, 덧셈"
Day38,foraging,n. (먹이) 채집하기
Day38,stakeholder,"n. 이해 당사자, 주주"
Day38,logging,n. 벌목
Day38,capital,"n. 자본, 수도, 대문자"
Day38,display,"v. 표시하다, 전시하다 n. 전시, 진열"
Day39,clench,"v. 뒤틀리다, 꽉 쥐다"
Day39,convince,v. 설득하다
Day39,acute,"a. 심각한, 급성의, 급격한"
Day39,embedded,"a. 내장된, 내포된"
Day39,pregnancy,n. 임신
Day39,preceding,"a. 선행하는, 이전의, 앞선"
Day39,phase,"n. 단계, 시기"
Day39,blessing,n. 축복
Day39,simultaneous,"n. 점유율, 몫 v. 공유하다, 나누다"
Day39,transitory,"a. 일시적인, 순간적인"
Day39,intimate,a. 친밀한
Day39,dawn,n. 새벽
Day39,recession,"n. 경기 침체기, 경기 침체"
Day39,inertia,"n. 관성, 타성, 무력"
Day39,suffocating,"a. 숨 막히는, 질식할 것 같은"
Day39,withdrawal,"n. 철수, 회수, 인출"
Day39,synchronous,"a. 동시적인, 동시에 발생하는"
Day39,trait,n. 특성
Day39,glance,"v. 흘끗 보다, 빠르게 훑어보다 n. 흘끗 봄"
Day39,commitment,"n. 몰두, 전념, 헌신, 약속"
Day39,fundamental,"a. 근본적인, 기본적인"
Day39,boredom,"n. 지루함, 권태, 따분함"
Day39,freight,"n. 짐, 화물"
Day39,practice,"n. 관행, 연습 v. 연습하다"
Day39,tract,"n. 토지, 넓은 면적[지역]"
Day39,estate,"n. 토지, 재산, 부동산"
Day39,indebtedness,"n. 빚, 은혜를 입음, 채무"
Day39,notification,n. 알림
Day39,depopulate,v. 인구를 감소시키다
Day39,expectation,n. 기대
Day40,ceremony,"n. 의식, 예식"
Day40,enable,"v. 가능하게 하다, 하게 하다"
Day40,poison,"n. 독, 독약, 유해 물질 v. 아프게 하다, 독을 넣다"
Day40,divorce,"n. 이혼, 분리 v. 이혼하다, 분리하다"
Day40,payroll,"n. 급여 명부, 급여 비용"
Day40,provide,"v. 제공하다, 공급하다"
Day40,satisfaction,"n. 만족, 충족"
Day40,fairy,"a. 상상의, 요정의 n. 동화, 요정"
Day40,customer,"n. 고객, 이용자"
Day40,utilitarian,"a. 실용적인, 공리주의의 n. 공리주의자"
Day40,discriminatory,a. 차별적인
Day40,reduce,"v. 줄이다, 감소하다, 축소하다"
Day40,patron,"n. 후원자, (단골) 고객 v. 후원하다"
Day40,existing,"a. 기존의, 존재하는"
Day40,mediator,"n. 매개자, 중재자"
Day40,defense,"n. 방어 (태세), 방어(력)"
Day40,torment,"v. 고통을 주다, 괴롭히다, 고문하다 n. 고통, 고뇌, 고문"
Day40,familiarity,"n. 익숙함, 친숙함"
Day40,anthropologist,n. 인류학자
Day40,inference,n. 추론
Day40,violate,"v. 위반하다, 침해하다"
Day40,tricky,"a. 까다로운, 어려운, 곤란한"
Day40,merit,n. 가치 v. (칭찬·관심 등을) 받을 만하다
Day40,aim,v. 목표하다 n. 목표
Day40,reasonable,"a. 합리적인, 이치에 맞는"
Day40,pleasure,"n. 즐거움, 쾌락"
Day40,regular,"a. 정기적인, 일반의"
Day40,sympathetic,"a. 공감이 가는, 교감의, 호의적인"
Day40,annoying,"a. 짜증을 유발하는, 성가신, 신경 쓰이게 하는"
Day40,stubborn,"a. 다루기 어려운, 완고한"
Day41,likeness,"n. 닮음, 유사"
Day41,surgeon,n. 외과 의사
Day41,partial,"a. 부분적인, 불완전한, 편파적인"
Day41,awe,"n. 경외감, 경외심"
Day41,appoint,"v. 지정하다, 임명하다"
Day41,trillion,n. 1조
Day41,amplify,"v. 부연하다, 더 자세히 진술하다, 증폭하다"
Day41,trivial,"a. 사소한, 하찮은, 간단한"
Day41,atmosphere,"n. 분위기, 대기, 공기"
Day41,embarrassing,"a. 당혹스러운, 난처한"
Day41,establish,"v. 구축하다, 세우다, 설립하다"
Day41,innovative,a. 혁신적인
Day41,explosion,"n. 폭발적인 증가, 폭발"
Day41,debt,"n. 빚, 부채, 신세를 짐"
Day41,expertise,"n. 전문성, 전문 지식"
Day41,strike,"v. 치다, 때리다, 공격하다 n. 파업"
Day41,generative,"a. 생성의, 발생의"
Day41,reluctant,"a. 꺼리는, 마음 내키지 않는"
Day41,mend,"v. 고치다, 수정하다"
Day41,articulate,a. (생각을) 분명히 표현하는 v. 분명히 표현하다
Day41,homogeneous,"a. 동질적인, 균질한"
Day41,personnel,"n. 담당자, 인력, (회사의) 인사과"
Day41,bedrock,"n. (튼튼한) 기반 a. 견고한, 튼튼한"
Day41,achieve,"v. 얻다, 달성하다, 성취하다"
Day41,diffuse,"v. 완화하다, 퍼지다, 분산시키다"
Day41,profession,"n. 직업, 전문직"
Day41,devalue,"v. 평가를 절하하다, 가치를 떨어뜨리다"
Day41,inquiry,"n. 탐구, 연구, 문의"
Day41,compelling,"a. 강력한, 설득력 있는"
Day41,manual,"n. 설명서, 입문서 a. 수동의, 손으로 하는"
Day42,mold,"n. 틀, 주형, 곰팡이 v. 맞게 하다"
Day42,latitude,"n. 위도, 지역, 자유"
Day42,speculation,"n. 추측, 숙고, 사색"
Day42,grooming,"n. 털 손질, (동물의) 그루밍"
Day42,strip,"v. 박탈하다, 빼앗다, 벗겨 내다"
Day42,path,"n. 길, 방향, 계획"
Day42,outbreak,"n. 발생, 발발"
Day42,equilibrium,"n. 균형 (상태), 평형"
Day42,alienate,"v. 멀어지게 하다, 소외시키다"
Day42,former,"a. 전임의, 이전의, 옛날의 n. 전자"
Day42,eternal,"a. 영원한, 끊임없는"
Day42,task,"v. 과업을 맡기다 n. 업무, 과업"
Day42,uphold,"v. 옹호하다, 지지하다"
Day42,misallocation,"n. 오배분, 부적당한 할당"
Day42,standard,"a. 표준의, 일반의, 보통의 n. 표준, 기준, 규격"
Day42,balance,"n. 균형, 저울, 잔고 v. 균형을 유지하다, 상쇄하다"
Day42,heat,v. 난방하다 n. 열
Day42,converge,"v. 수렴하다, 한 곳에 모이다"
Day42,option,"n. 선택지, 선택 (사항)"
Day42,steer,"v. 이끌다, 조종하다"
Day42,exclusion,"n. 배제, 제외"
Day42,lengthen,"v. 연장하다, 늘이다"
Day42,disease,"n. 질병, 질환"
Day42,chaos,"n. 혼돈, 혼란"
Day42,roof,"n. 지붕, 옥상"
Day42,count,"v. 여겨지다, 여기다, 유효하다, 세다 n. 계산, 총계"
Day42,disconnect,"v. 단절되다, 끊다"
Day42,shortage,"n. 부족, 결핍"
Day42,ape,n. 유인원
Day42,benefit,"n. 이점, 이익 v. 이익을 얻다"
Day43,addiction,n. 중독
Day43,organism,"n. 유기체, 생물"
Day43,prejudice,n. 편견
Day43,misconception,"n. 오해, 그릇된 생각"
Day43,outright,ad. 드러내 놓고 a. 명백한
Day43,last,v. 지속되다 a. 마지막의
Day43,empty,"a. 공허한, 비어 있는, 빈"
Day43,personal,"a. 개인적인, 개인의"
Day43,premise,n. 전제
Day43,infant,n. 유아
Day43,belonging,"n. 소속, 속해 있는 것, (주로 복수로) 소지품"
Day43,signal,"n. 신호 v. 신호를 보내다, 알리다"
Day43,assault,"n. 폭행, 공격 v. 폭행하다, 공격하다"
Day43,outweigh,v. ~보다 더 크다
Day43,continuity,"n. 연속성, 지속성"
Day43,bilingual,"a. 이중 언어를 구사하는, 두 개 언어를 할 줄 아는 n. 이중 언어 사용자"
Day43,literary,"a. 문헌의, 문학의"
Day43,moral,"a. 도덕적인, 도덕의 n. 교훈"
Day43,advantage,"n. 이점, 장점 v. 유리하게 하다"
Day43,prize,"v. 소중히 여기다 n. 상품, 상"
Day43,violence,"n. 폭력, 폭행, 격렬함"
Day43,coin,v. 만들어 내다 n. 동전
Day43,suppression,"n. 억압, 억제"
Day43,mechanism,"n. 메커니즘, 구성, 장치"
Day43,widen,"v. 확장하다, 커지다"
Day43,favor,"v. 선호하다, 편애하다 n. 부탁, 호의, 친절, 편애"
Day43,collapse,"v. 붕괴하다, 무너지다, 실패하다 n. 붕괴, 실패"
Day43,reciprocal,"a. 상응하는, 답례의, 상호적인"
Day43,abusive,"a. 학대하는, 모욕적인"
Day43,temperature,n. 온도
Day44,laboratory,n. 실험실
Day44,clue,"n. 단서, 실마리"
Day44,precedence,"n. 우선(함), 우선권"
Day44,minimize,v. 최소화하다
Day44,paradox,n. 역설
Day44,outfit,"n. 복장, 장비 v. 제공하다, 갖추어 주다"
Day44,notable,"a. 눈에 띄는, 주목할 만한"
Day44,breakdown,"n. 붕괴, 고장, 쇠약"
Day44,scientific,"a. 과학적인, 과학의"
Day44,companion,"n. 동반자, 동행, 친구"
Day44,breadth,"n. 폭, 너비, 폭넓음"
Day44,particular,"a. 특정한, 특별한"
Day44,majority,"n. 다수, 대부분"
Day44,overlook,"v. 간과하다, 못 본 체하다, 내려다보다"
Day44,genius,"n. 천재, 천재성"
Day44,luxury,n. 사치 a. 사치스러운
Day44,client,"n. 고객, 이용자"
Day44,conclusion,n. 결론
Day44,procedure,"n. (의학적) 처치, 수술, 절차"
Day44,formation,"n. 형성, 형태, 성립"
Day44,adore,"v. 흠모하다, 매우 좋아하다"
Day44,particle,n. 입자
Day44,devastate,"v. 망연자실하게 하다, 파괴하다, 곤혹스럽게 하다"
Day44,manufacture,"n. 생산, 제조 v. 생산하다, 제조하다"
Day44,hostility,"n. 적개심, 적대감"
Day44,caterpillar,n. 애벌레
Day44,adventure,"n. 모험, 모험심"
Day44,adhere,v. 고수하다
Day44,equality,"n. 평등(함), 대등"
Day44,caring,a. 배려하는
Day45,encode,"v. 표현하다, 암호화하다, 부호화하다"
Day45,prospective,"a. 예상되는, 장래의"
Day45,equation,"n. 방정식, 공식"
Day45,means,"n. 수단, 방법, 재산"
Day45,deterministic,a. 결정론적인
Day45,hypothesis,n. 가설 ( pl. hypotheses )
Day45,adapt,"v. 적응하다, 적응시키다, 조정하다"
Day45,neural,a. 신경의
Day45,celestial,a. 천체의
Day45,disregard,"v. 무시하다, 경시하다 n. 무시, 경시"
Day45,ceiling,"n. 한도, 천장"
Day45,tackle,"v. 다루다, 해결하다, 처리하다"
Day45,assertion,n. 주장
Day45,predictable,"a. 예측될 수 있는, 예측 가능한"
Day45,sore,"a. 쑤시는, 아픈"
Day45,pretense,n. 가식
Day45,agent,n. 행위자
Day45,concrete,a. 구체적인
Day45,opposition,n. 반대
Day45,association,"n. 연상, 연관(성), 연합, 협회"
Day45,conscience,n. 양심
Day45,drive,"n. 욕구, 충동, (조직적인) 행사, 운동 v. 몰아가다"
Day45,command,"v. 명령하다, 지시를 내리다 n. 지시, 명령"
Day45,spit,v. 뱉다
Day45,immortal,"a. 죽지 않는, 불멸의"
Day45,uncover,"v. 알아내다, 발견하다"
Day45,solution,"n. 해결(책), 용액"
Day45,eventuate,"v. 귀결되다, 결국 ~이 되다"
Day45,enlightenment,"n. 깨달음, 계몽"
Day45,deceptive,"a. 속이는, 기만적인"
Day46,squeeze,"v. 꽉 쥐다, 짜내다"
Day46,framework,"n. 체계, 체제"
Day46,cherish,"v. 소중히 여기다, 아끼다"
Day46,awkward,"a. 어색한, 서툰"
Day46,inventory,"n. 목록, 재고"
Day46,massive,"a. 거대한, 대규모의, 엄청난"
Day46,disaster,"n. 큰 실패, 재해, 재난"
Day46,identical,a. 동일한
Day46,mimicry,"n. 흉내, 모방"
Day46,heir,"n. 후계자, 계승자, 상속인"
Day46,niece,n. 조카딸
Day46,toxic,"a. 유해한, 유독성의"
Day46,certify,"v. 증명하다, 인증하다"
Day46,revise,"v. 조정하다, 개정하다, 수정하다"
Day46,reliance,"n. 의존, 의지"
Day46,prioritize,v. 우선하다
Day46,lighten,"v. 옅어지다, 밝아지다, 밝게 하다, 가볍게 하다"
Day46,proactive,"a. 주도적인, 선제적인"
Day46,infectious,a. 전염성이 있는
Day46,genre,n. 장르
Day46,gathering,"n. 모임, 채집, 수집"
Day46,acquainted,"a. 알고 있는, 익숙한"
Day46,portray,"v. 묘사하다, 그리다"
Day46,transcription,"n. 전사, 필사"
Day46,intensify,"v. 심화하다, 강화하다"
Day46,overconfidence,"n. 지나친 확신, 과신"
Day46,transmission,"n. 전승, 전달, 전송"
Day46,implementation,"n. 시행, 실행, 도입"
Day46,clarify,v. 명확히 하다
Day46,clone,"n. 복제된 존재, 복제 (생물)"
Day47,ignite,"v. 불러일으키다, 점화하다"
Day47,sustain,"v. (피해 등을) 겪다, 지속하다, 유지하다"
Day47,affective,"a. 감정적인, 정서적인"
Day47,dual,"a. 이중의, 이중적인"
Day47,adrift,a. 표류하는
Day47,succession,"n. 연속, 연쇄"
Day47,dramatic,a. 극적인
Day47,uneven,"a. 고르지 않은, 울퉁불퉁한"
Day47,inclusive,a. 포용적인
Day47,asymmetry,"n. 불균형, 비대칭(성)"
Day47,disturb,"v. 방해하다, 교란하다"
Day47,desirable,a. 바람직한
Day47,refine,"v. 개선하다, 다듬다, 정제하다"
Day47,supervisory,a. 감독의
Day47,install,v. 설치하다
Day47,resonance,"n. 울림, 공명, (비유적으로) 깊은 반향"
Day47,concealment,"n. 은폐, 숨김"
Day47,temporary,"a. 임시의, 일시적인"
Day47,compass,n. 나침반
Day47,classify,v. 분류하다
Day47,senator,n. 상원 의원
Day47,astronomy,n. 천문학
Day47,retire,v. 은퇴하다
Day47,skeptical,"a. 회의론적인, 회의적인"
Day47,surpass,"v. 넘어서다, 뛰어넘다"
Day47,contingency,"n. 우연(성), 우발(성)"
Day47,hemisphere,n. 반구
Day47,unlock,"v. 잠금 해제하다, 드러내다, 열다"
Day47,conception,"n. 이해, 개념"
Day47,population,"n. 개체 수, 주민, 인구"
Day48,tentative,a. 잠정적인
Day48,mutter,v. 중얼거리다
Day48,marvel,"v. 경탄하다, 감탄하다"
Day48,windscreen,n. (자동차의) 앞 유리
Day48,deploy,"v. 효율적으로 사용하다, 배치하다"
Day48,mention,"v. 언급하다, 말하다"
Day48,falsify,"v. 반증하다, 거짓임을 입증하다, 왜곡하다, 조작하다"
Day48,nomad,n. 유목민
Day48,underplay,v. 과소평가하다
Day48,formal,"a. 공식적인, 격식을 차린, 형식적인"
Day48,compel,"v. (강하게) 끌다, 강요하다, ~하게 만들다"
Day48,nucleus,n. 핵 ( pl. nuclei)
Day48,tumble,"v. 쏟아져 내리다, 우수수 떨어지다"
Day48,digestible,"a. 소화하기 쉬운, 이해하기 쉬운"
Day48,prerequisite,n. 전제 조건
Day48,larva,"n. 유충, 애벌레 ( pl. larvae)"
Day48,outcompete,"v. (경쟁에서) 이기다, 앞서다"
Day48,sector,"n. 부문, 분야"
Day48,mining,"n. 채굴, 채광, 광업"
Day48,pollen,n. 꽃가루
Day48,medicine,"n. 약, 의학"
Day48,characterize,"v. (특징을) 기술하다, 특징으로 하다"
Day48,comparable,"a. 비교할 수 있는, 비슷한"
Day48,settlement,"n. 정착지, 정착, 해결"
Day48,driveway,"n. 진입로, 차도"
Day48,preservative,n. 방부제 a. 방부의
Day48,subatomic,"a. 아원자의, 원자보다 작은"
Day48,tense,a. 긴장한
Day48,stimulus,n. 자극 ( pl. stimuli)
Day48,contaminate,v. 오염시키다
Day49,underpin,"v. 뒷받침하다, 지지하다"
Day49,cultivate,"v. 기르다, 양성하다, 경작하다"
Day49,connotation,"n. 함의, 함축(된 의미)"
Day49,suggestion,"n. 권유, 제안 사항, 암시"
Day49,cite,"v. 인용하다, 언급하다"
Day49,solid,"n. 고체, 고형 a. 탄탄한, 고체의"
Day49,thesis,"n. 논문, 명제, 주제"
Day49,encompass,"v. 포함하다, 에워싸다"
Day49,nuance,"n. 미묘한 차이, 뉘앙스 v. 미세하게 조정하다"
Day49,behave,"v. 예의 바르게 행동하다, 움직이다"
Day49,arena,"n. 격전장, 영역, 무대"
Day49,multitude,"n. 많음, 다수"
Day49,expose,"v. 접하게 하다, 노출시키다"
Day49,correspondent,"n. 특파원, 통신원 a. 일치하는"
Day49,mood,"n. 기분, 분위기, 풍조"
Day49,heatwave,"n. 폭염, 장기간에 걸친 혹서"
Day49,aspire,"v. 포부를 가지다, 큰 뜻을 품다"
Day49,via,"prep. ~으로, ~을 통해, ~을 경유하여"
Day49,accuracy,"n. 정확도, 정확성, 정밀"
Day49,tough,"a. 아주 힘이 센, 어려운, 힘든"
Day49,pile,"v. 쌓다 n. 더미, 무더기"
Day49,intern,"n. 인턴(사원), 수련의"
Day49,cruise,"v. 돌아다니다, 순항하다 n. 크루즈 여행, 순항"
Day49,contradiction,"n. 모순, 부인, 반박"
Day49,shortcoming,"n. 단점, 결점"
Day49,procrastinate,v. 미루다
Day49,recurring,"a. 반복적인, 순환하는"
Day49,sigh,n. 한숨 v. 한숨을 내쉬다
Day49,convenient,"a. 편리한, 사용하기 좋은"
Day49,oblige,"v. 의무적으로 하게 하다, ~에게 호의를 베풀다"
Day50,unrecorded,"a. 기록되지 않은, 등록되지 않은"
Day50,reef,"n. 산호, 암초"
Day50,grateful,"a. 감사하는, 고마워하는"
Day50,reservoir,"n. 저장소, 저수지"
Day50,weed,v. 잡초를 뽑다 n. 잡초
Day50,exaggerated,"a. 과장된, 지나친"
Day50,warehouse,"n. 창고, 저장소"
Day50,ubiquity,"n. 아주 흔함, 보편(적 존재), 도처에 있음"
Day50,cynical,"a. 냉소적인, 비꼬는"
Day50,singular,"a. 단일의, 유일한 n. 단수"
Day50,ample,"a. 충분한, 넉넉한, 넓은"
Day50,demand,"v. 요구하다, 청구하다 n. 수요, 요구, 청구"
Day50,pressure,"n. 압력, 압박"
Day50,memorable,"a. 기억할 만한, 잊기 어려운"
Day50,lean,"v. 기울다, 기대다 n. 기울기 a. 얇은, 깡마른"
Day50,extra,"a. 추가의, 여분의"
Day50,graffiti,"n. (공공장소에 하는) 낙서, 그라피티"
Day50,career,"n. 진로, 직업, 경력"
Day50,subscription,"n. 구독, 구독권"
Day50,antiquity,"n. 아주 오래됨, 고대"
Day50,squeak,"v. 찍찍 울다, 삑 소리를 내다 n. 삑 소리"
Day50,unease,n. 불안(감)
Day50,insight,"n. 통찰, 이해"
Day50,multitask,"v. 동시에 여러 가지 일을 하다, 다중 작업을 하다"
Day50,refer,"v. 부르다, 언급하다, 참조하다"
Day50,statement,"n. 진술, 말"
Day50,empower,"v. 부여하다, 힘을 실어 주다"
Day50,crew,"n. 승무원, 선원"
Day50,vision,"n. 비전, 시야, 통찰력"
Day50,apprentice,"n. 견습생, 도제, 실습생"
Day51,uncorrectable,a. 고칠 수 없는
Day51,puffery,"n. 과대광고, 과장 광고"
Day51,net,"a. 순, 에누리 없는 n. 그물, 올가미"
Day51,delay,"v. 지연하다, 미루다, 연기하다 n. 지연"
Day51,subordinate,"a. 종속된, 하위의 n. 낮은 지위의 개체, 하급자, 부하"
Day51,unwelcome,"a. 달갑지 않은, 불편한"
Day51,standing,"n. 지위, 평판"
Day51,input,"n. 투입, 의견 v. 입력하다"
Day51,glimpse,"v. 잠깐 보다, 흘끗 보다 n. 잠깐 봄, 흘끗 봄"
Day51,practical,"a. 실제적인, 실용적인"
Day51,pioneering,"a. 선구적인, 개척하는"
Day51,frankness,"n. 솔직함, 솔직성"
Day51,magnificent,"a. 거대한, 장엄한"
Day51,species,"n. 종(種: 생물 분류의 기초 단위), 종류"
Day51,log,"n. 통나무, 일지, 기록"
Day51,instant,"a. 즉각적인, 순간의 n. 순간, 즉시"
Day51,distress,"n. 고충, 고통"
Day51,stuff,"n. (막연히) 이것, 물건 v. 채우다"
Day51,sphere,"n. 영역, 구체"
Day51,excessive,"a. 과도한, 지나친"
Day51,fairness,"n. 공정성, 공평함"
Day51,vocational,"a. 직업적인, 직업의"
Day51,defect,"n. 결함, 결점 v. 탈퇴하다, 이탈하다"
Day51,density,"n. 밀도, 비중"
Day51,inclination,"n. 경향(성), 성향, 기질"
Day51,imprison,"v. (감옥에) 가두다, 감금하다"
Day51,assure,"v. 장담하다, 안심시키다"
Day51,pseudoscientific,a. 유사 과학의
Day51,delicately,"ad. 세심하게, 섬세하게"
Day51,definitive,"a. 명확한, 결정적인"
Day52,proctor,v. (시험을) 감독하다
Day52,conformism,n. 순응주의
Day52,dissent,n. 반대
Day52,plumage,n. 깃털
Day52,pluck,"v. 뽑다, 뜯다"
Day52,altruism,"n. 이타주의, 이타심"
Day52,commodity,n. 상품
Day52,synchronize,"v. 동기화하다, 동시에 일어나다"
Day52,aggress,"v. 공격하다, 공세를 취하다"
Day52,diminish,v. 줄어들다
Day52,prevalence,"n. 보급, 널리 퍼짐"
Day52,amphibian,n. 양서류
Day52,incubation,"n. 잠복, 부화"
Day52,architect,n. 건축가
Day52,scar,n. 흉터
Day52,neglect,"v. 무관심하다, 도외시하다 n. 방치, 무시"
Day52,critique,"n. 비판, 비판적 분석"
Day52,relocate,v. 이전하다
Day52,psyche,"n. 심리, 마음"
Day52,overtake,v. 앞지르다
Day52,oppressed,a. 억압받는
Day52,orientation,"n. 방향성, 지향성, 오리엔테이션"
Day52,slaughterhouse,n. 도축장
Day52,divergent,"a. 상반된, 서로 다른"
Day52,observe,"v. 관찰하다, 준수하다"
Day52,blizzard,"n. 눈보라, 폭설"
Day52,uptake,"n. 수용, 흡수"
Day52,jurisdiction,"n. 관할 (당국), 관할권"
Day52,advocacy,"n. 옹호, 지지"
Day52,dissolve,"v. 사라지다, 녹이다"
Day53,burst,"v. 붕괴하다, 터지다"
Day53,adept,a. 능숙한
Day53,gut,"n. 장, 소화관"
Day53,heel,"n. 뒷굽, 발뒤꿈치"
Day53,underlying,a. 근본적인
Day53,unforeseen,"a. 예측하지 못한, 뜻밖의"
Day53,align,"v. (~에 맞춰) 조정[조절]하다, 나란하다"
Day53,adolescence,"n. 청소년기, 사춘기"
Day53,ornamental,"a. 장식적인, 장식용의"
Day53,riddled,"a. (구멍이나 해로운 것으로) 가득한, 구멍이 숭숭 뚫린"
Day53,synthesis,"n. 합성, 통합"
Day53,irrelevant,"a. 무의미한, 무관한"
Day53,hurdle,"n. (경기용) 허들, 장애물"
Day53,donor,"n. 기부자, 기증자"
Day53,specification,n. 명세 (사항)
Day53,flashy,"a. 현란한, 화려한"
Day53,indicator,n. 지표
Day53,epidemiology,n. 역학(疫學)
Day53,poll,"n. 여론 조사, 투표"
Day53,launch,"v. 시작하다, 일으키다"
Day53,decorative,"a. 장식의, 장식용의"
Day53,revenue,"n. 수입, 수익"
Day53,thigh,n. 허벅지
Day53,outing,n. 나들이
Day53,fluctuate,"v. 오르내리다, 변동하다"
Day53,loop,n. 고리
Day53,skyrocket,"v. 급상승하다, 급등하다"
Day53,surrounding,n. 주변 (환경)
Day53,orchestrate,"v. 조율하다, 계획하다"
Day53,visibility,"n. 가시성, 시계"
Day54,sedentary,"a. 앉은 채 지내는, 몸을 많이 움직이지 않는"
Day54,envision,"v. 상상하다, 구상하다"
Day54,envisage,"v. 상상하다, 예상하다"
Day54,codify,"v. (법률 등을) 성문화하다, 체계화하다"
Day54,microbiome,n. 체내 미생물 생태계
Day54,urbanization,n. 도시화
Day54,exclaim,v. 외치다
Day54,scrutiny,n. 면밀한 검토[조사]
Day54,retail,n. 소매(상)
Day54,upbringing,n. 양육
Day54,ridge,"n. 능선, 줄기, (물체의) 마루"
Day54,credit,"v. 덕분으로 여기다 n. 공, 신뢰, 신용"
Day54,attic,"n. 다락, 다락방"
Day54,governance,"n. 통치, 관리, 지배 구조"
Day54,pharmaceuticals,"n. 약, 의약품"
Day54,resist,v. 저항하다
Day54,recite,"v. 나열하다, 암송하다"
Day54,microbe,"n. 미생물, 세균"
Day54,harden,v. 굳다
Day54,hallucination,"n. 오해의 소지가 있는 정보, 환각 (증상)"
Day54,herd,"n. (동물의) 무리, 떼"
Day54,consent,"n. 동의, 승낙"
Day54,fin,n. 지느러미
Day54,involve,"v. 수반하다, 포함하다"
Day54,dilation,"n. 지연, 확장"
Day54,scale,"n. 비늘, 규모"
Day54,nod,n. 고개를 끄덕임 v. (고개를) 끄덕이다
Day54,surveillance,n. 감시
Day54,edge,"n. 우위, 가장자리, 끝"
Day54,persistence,"n. 지구력, 끈기, 인내"
Day55,occasion,"n. (특정한) 날, 경우, 행사"
Day55,overview,"n. 개요, 개관"
Day55,inviting,a. 매력적인
Day55,elastic,a. 탄력 있는
Day55,fuss,"n. 번거로움, 소란"
Day55,eagerly,"ad. 간절히, 열정적으로"
Day55,cancel(l)ation,n. 취소
Day55,account,"n. 계정, 서술, 설명"
Day55,genuine,"a. 참된, 진정성 있는"
Day55,refrain,"v. 삼가다, 자제하다"
Day55,essential,"a. 필수적인, 본질적인"
Day55,slip,"n. (작은 종이) 조각, 쪽지 v. 빠져나가다, 미끄러지다"
Day55,shipping,"n. 배송, 운송"
Day55,address,"v. (어려운 문제 등을) 다루다, 처리하다 n. 주소"
Day55,skip,"v. (일·수업·식사 등을) 거르다, 빼다"
Day55,quality,"n. 품질, 질"
Day55,engaging,"a. 흥미로운, 매력적인"
Day55,supervise,"v. 지켜보다, 관리하다, 감독하다"
Day55,ingredient,"n. 성분, 요인, 구성 요소"
Day55,foster,"v. 기르다, 조성하다"
Day55,track,"v. 추적하다 n. 길, 자국"
Day55,uplifting,"a. 기분 좋게 하는, 행복감을 주는"
Day55,landscape,"n. 풍경, 경관, 지형"
Day55,arch,n. 아치 v. 아치형으로 구부리다[휘다]
Day55,worth,a. (~의[할]) 가치가 있는
Day55,comfy,a. 편안한
Day55,geography,"n. 지리, 지리학"
Day55,assignment,"n. 과제, 임무, 배정, 배치"
Day55,supply,"n. 용품, 공급 v. 공급하다"
Day55,equipment,n. 장비
Day56,replacement,"n. 재발급, 교체, 대체"
Day56,payment,"n. 결제, 지불(금), 납입(금)"
Day56,seedling,"n. (어린) 묘목, 새싹"
Day56,profit,"n. 수익, 이윤"
Day56,secure,"v. 확보하다, 획득하다 a. 안전한, 안심하는"
Day56,vendor,"n. 판매자, 노점상"
Day56,retain,v. 유지하다
Day56,substitute,"n. 대타, 대체물 v. 대신하다, 교체하다"
Day56,guidance,"n. 지도, 안내"
Day56,edit,v. 편집하다
Day56,oversee,"v. 총괄하다, 감독하다"
Day56,irritating,"a. 짜증 나게 하는, 성가신"
Day56,depict,"v. 묘사하다, 그리다"
Day56,mobility,n. 이동성
Day56,rewarding,a. 보람 있는
Day56,spot,"v. 찾다, 알아채다 n. 지대, 곳"
Day56,accommodation,"n. (주로 복수로) 숙박 시설, 숙소"
Day56,texture,"n. 질감, 식감"
Day56,voucher,"n. (현금 대용의) 교환권, 상품권"
Day56,feature,"v. (특별히) 포함하다, 특징으로 하다 n. 특징, 특색"
Day56,upcoming,"a. 다가오는, 앞으로의"
Day56,migrant,"n. 이주민, 철새 a. 이주성의"
Day56,autonomous,"a. 자율적인, 독립적인"
Day56,cram,v. 벼락치기 공부를 하다
Day56,compartment,"n. 칸, 구역, 객실"
Day56,matter,"v. 중요하다 n. 일, 문제"
Day56,accompany,"v. 동행하다, 동반하다"
Day56,overdue,a. 연체된
Day56,fabric,"n. 천, 직물"
Day56,resident,"n. 주민, 거주자"
Day57,insurance,n. 보험
Day57,spirit,"n. 의도, 정신, 기분"
Day57,overseas,a. 해외의
Day57,adorable,a. (아주) 사랑스러운
Day57,scenery,"n. 풍경, 경관"
Day57,earmuff,n. (보온용) 귀마개
Day57,notice,"n. 공지, 공고 v. 알아차리다"
Day57,preview,"n. 시사회 v. 미리 소개하다, 사전 검토[조사]하다"
Day57,recruitment,n. 신입 회원[구성원] 모집
Day57,autograph,"n. (유명인의) 사인, 서명"
Day57,pharmacy,"n. 약국, 약학"
Day57,shame,"n. 아쉬운 일, 애석한 일, 수치심"
Day57,numerous,a. 수많은
Day57,primary,"a. 기본의, 주요한"
Day57,bin,"n. 수거함, 쓰레기통"
Day57,gather,"v. 모으다, 모이다"
Day57,boost,"v. 높이다, 향상하다 n. 고양, (신장시키는) 힘"
Day57,sibling,"n. 남매, 형제자매"
Day57,certificate,"n. 수료증, 증서, 증명서"
Day57,proceed,v. 진행되다 n. 수익금
Day57,convey,v. 전달하다
Day57,subscribe,v. 구독하다
Day57,impact,"n. 영향, 충돌"
Day57,mandatory,a. 필수적인
Day57,rectangular,a. 직사각형의
Day57,pottery,n. 도자기
Day57,viewpoint,"n. 관점, 방향"
Day57,reunion,"n. 동창회, 재회"
Day57,crane,n. 기중기
Day57,identity,"n. 신원, 정체성"
Day58,vibe,"n. 분위기, 느낌"
Day58,attendee,n. 참석자
Day58,cocoon,"n. (곤충의) 고치, 보호막"
Day58,deserve,"v. 누릴 자격이 있다, 받을 만하다"
Day58,stock,n. 재고 v. (상품 등을) 갖추다
Day58,therapy,"n. 치료, 요법"
Day58,release,"v. 출시하다, 발표하다, 풀어 주다 n. 발표(물), 발간(물), 석방"
Day58,vent,"n. (공기 등의) 출구, 배출구, 통풍구"
Day58,bond,n. 유대(감)
Day58,vague,"a. 모호한, 애매한"
Day58,feed,v. 먹이를 주다 n. 피드(제공되는 정보)
Day58,strap,"n. 끈, 줄 v. 매다, 끈으로 묶다"
Day58,journal,"n. 일기, 학술지, 신문"
Day58,overshadow,v. 가리다
Day58,strain,"n. 긴장, 피로"
Day58,category,"n. 부문, 범주"
Day58,refrigerate,"v. 냉장 보관하다, 냉장하다"
Day58,contract,"n. 계약 v. 수축하다, 수축시키다"
Day58,capacity,"n. 용량, 능력, 수용력"
Day58,itinerary,n. 여행 일정(표)
Day58,prehistoric,a. 선사 시대의
Day58,showcase,"v. (좋은 점을) 뽐내다, 보여 주다"
Day58,guarantee,v. 보장하다 n. 보장
Day58,vein,n. 정맥
Day58,award,v. 수여하다 n. 상
Day58,tie,n. (강한) 유대 관계 v. 묶다
Day58,iris,n. 홍채
Day58,portion,"n. 부분, 1인분 (양)"
Day58,fitness,"n. 체력, 신체 단련"
Day58,earbud,"n. 이어폰, 이어버드(귀 안에 넣는 이어폰)"
Day59,plot,"n. 작은 땅, (소설·극·영화 등의) 플롯, 줄거리"
Day59,previous,"a. 전의, 이전의"
Day59,deposit,"v. 입금하다, 예금하다 n. 보증금, 착수금"
Day59,device,"n. 기기, 장치"
Day59,itchy,a. 가려운
Day59,stuck,a. 갇힌
Day59,deadline,"n. 마감일, 기한"
Day59,pollutant,n. 오염 물질
Day59,spiral,a. 나선형의 n. 소용돌이
Day59,stem,"n. 줄기 v. 비롯되다, 유래하다"
Day59,suspect,"v. ~이 아닌가 하고 생각하다, 의심하다 a. 의심스러운 n. 용의자"
Day59,entry,"n. (행사·대회 등의) 참가(작), 응시자 수"
Day59,giveaway,"n. 사은품, 경품"
Day59,grocery,n. 식료품
Day59,permission,n. 허가
Day59,consequence,"n. 결과, 중요함"
Day59,bias,"n. 편향, 편견"
Day59,steady,"a. 일정한, 한결같은, 꾸준한"
Day59,aspect,"n. 요소, 측면"
Day59,linguistics,n. 언어학
Day59,detective,"n. 형사, 탐정"
Day59,breathable,a. 통기성이 좋은
Day59,appealing,"a. 매력적인, 마음이 끌리는"
Day59,absence,"n. 결석, 부재"
Day59,broadcasting,n. 방송(업)
Day59,eligible,"a. 자격이 있는, 적합한"
Day59,run,"v. 운영되다, 진행되다, 운영하다, 달리다"
Day59,spill,"n. 유출 v. 쏟다, 흐르다"
Day59,heritage,"n. 유산, 유적"
Day59,authentic,"a. 정통의, 진정한, 진짜의"
Day60,raw,"a. 익히지 않은, 미숙한"
Day60,dehumidifier,n. 제습기
Day60,supportive,"a. 힘을 주는, 도움을 주는, 지원하는"
Day60,intense,"a. 강렬한, 격렬한"
Day60,colleague,n. 동료
Day60,range,"n. 범위, 거리, 영역 v. 범위가 ~이다"
Day60,alert,"a. 정신이 초롱초롱한, 민감하게 반응하는"
Day60,thread,"n. 실, 실타래"
Day60,refreshing,"a. 원기를 북돋우는, 상쾌하게 하는, 신선한"
Day60,disguise,"v. 위장하다, 변장하다 n. 변장, 위장"
Day60,bait,n. 미끼
Day60,inspection,"n. 점검, 검사, 살펴봄"
Day60,waterproof,"a. 방수가 되는, 방수의"
Day60,principal,n. 교장 a. 주요한
Day60,dye,n. 염료 v. 염색하다
Day60,expire,"v. (유통 기간이) 끝나다, 만료되다"
Day60,enlarge,"v. 확대하다, 확장하다"
Day60,valuable,"n. (주로 복수로) 귀중품 a. 가치 있는, 귀중한"
Day60,bare,v. 드러내다 a. 벌거벗은
Day60,handful,"n. 줌, 소수"
Day60,resolution,"n. 해상도, 해결, 결의"
Day60,melt,v. 녹다
Day60,storage,"n. 저장 공간, 저장 시설, 저장"
Day60,mural,n. 벽화
Day60,creature,"n. 생물, 동물"
Day60,attachment,"n. 부속품, 애착"
Day60,signature,"a. 대표의 n. 표시, 서명"
Day60,illustration,"n. 삽화, 예시"
Day60,courtesy,"n. 예의, 공손함"
Day60,peel,v. (껍질을) 벗기다 n. 껍질
